name,num_patterns,log_patterns,num_classes,num_features,log_features,num_patterns_with_missing_values,perc_patterns_with_missing_values,num_features_with_missing_values,perc_features_with_missing_values,num_missing_values,perc_missing_values,num_numerical,num_categorical,ratio_num_cat,ratio_cat_num,dataset_dimensionality,dataset_dimensionality_log,inverse_dataset_dimensionality,inverse_dataset_dimensionality_log,class_prob_min,class_prob_max,class_prob_mean,class_prob_std,class_entropy,categorical_min,categorical_max,categorical_mean,categorical_std,categorical_total,kurtosis_min,kurtosis_max,kurtosis_mean,kurtosis_std,skewness_min,skewness_max,skewness_mean,skewness_std,pca_95_index,pca_skewness,pca_kurtosis,number_of_landmarks_at_0.25,mean_len_at_0.25,min_len_at_0.25,max_len_at_0.25,std_len_at_0.25,median_len_at_0.25,number_of_landmarks_at_1,mean_len_at_1,min_len_at_1,max_len_at_1,std_len_at_1,median_len_at_1,number_of_landmarks_at_5,mean_len_at_5,min_len_at_5,max_len_at_5,std_len_at_5,median_len_at_5,number_of_landmarks_at_25,mean_len_at_25,min_len_at_25,max_len_at_25,std_len_at_25,median_len_at_25
abalone,4177,12.028251428162793,3,8,3.0,0,0.0,0,0.0,0,0.0,8,0,1,0.0,8,3.0,0.125,0.3333333333333333,0.3167344984438592,0.34642087622695716,0.3333333333333333,0.015151473033348765,1.5839636149471126,0,0,0.0,0.0,0,-1.5360722234281812,76.02581542401526,9.462038665967796,26.90378014445185,-0.639873302555601,3.1288255663333664,0.5532054522253711,1.1749514352068098,2,0.23497887918192423,-1.116777750417069,48,170.64583333333334,1,796,222.64269671225586,47.5,4,2196.25,889,2972,799.359861076349,2462.0,1,4177.0,4177,4177,0.0,4177.0,1,4177.0,4177,4177,0.0,4177.0
acute-inflammation,120,6.906890595608519,2,6,2.584962500721156,0,0.0,0,0.0,0,0.0,6,0,1,0.0,6,2.584962500721156,0.16666666666666666,0.38685280723454163,0.49166666666666664,0.5083333333333333,0.5,0.01178511301977579,0.999799616411146,0,0,0.0,0.0,0,-2.0330288762668753,-0.5150107726199078,-1.5729202078330387,0.5602158188835655,-0.7160891584500882,1.2222332403759317,0.1087357175940105,0.6608949229059881,5,-0.2102726328152197,-1.1683871776049173,15,11.4,8,19,3.4794635601866366,10.0,9,14.11111111111111,10,21,4.6534203536382055,11.0,1,120.0,120,120,0.0,120.0,1,120.0,120,120,0.0,120.0
acute-nephritis,120,6.906890595608519,2,7,2.807354922057604,0,0.0,0,0.0,0,0.0,7,0,1,0.0,7,2.807354922057604,0.14285714285714285,0.3562071871080222,0.4166666666666667,0.5833333333333334,0.5,0.11785113019775793,0.9798687566511528,0,0,0.0,0.0,0,-2.0330288762668753,-0.5150107726199078,-1.6386500176093008,0.5401644734326007,-0.7160891584500882,1.2222332403759317,0.0980251088055918,0.6039769056733515,5,-0.03258529145660017,-1.5365555551544423,15,11.4,8,19,3.4794635601866366,10.0,9,14.0,10,21,4.737556801183965,10.0,1,120.0,120,120,0.0,120.0,1,120.0,120,120,0.0,120.0
analcatdata_asbestos,83,6.3750394313469245,2,5,2.321928094887362,0,0.0,0,0.0,0,0.0,5,0,1,0.0,5,2.321928094887362,0.2,0.43067655807339306,0.4457831325301205,0.5542168674698795,0.5,0.0766742292852883,0.9915017866855546,0,0,0.0,0.0,0,-2.0195408273770847,9.54826038159371,0.5134144123962768,5.059559234107527,-0.37429559326798184,3.3643278789790187,0.6643452543994199,1.5420636621672714,1,0.025082469040279682,-1.2403333647323875,16,7.1875,1,25,7.125822320967595,3.5,6,14.5,2,40,13.487648670790126,8.5,1,83.0,83,83,0.0,83.0,1,83.0,83,83,0.0,83.0
analcatdata_boxing1,120,6.906890595608519,2,12,3.584962500721156,0,0.0,0,0.0,0,0.0,12,0,1,0.0,12,3.584962500721156,0.08333333333333333,0.27894294565112987,0.35,0.65,0.5,0.21213203435596428,0.934068055375491,0,0,0.0,0.0,0,-1.239557680235645,5.382361936034252,4.280560951863284,2.5732570721374963,0.0,2.7005413326625387,2.3241144145657042,0.8991170320154559,1,0.0,-1.2173302577474678,40,4.5,3,5,0.8660254037844386,5.0,10,12.0,12,12,0.0,12.0,1,120.0,120,120,0.0,120.0,1,120.0,120,120,0.0,120.0
analcatdata_broadwaymult,285,8.154818109052105,7,10,3.321928094887362,0,0.0,0,0.0,0,0.0,10,0,1,0.0,10,3.321928094887362,0.1,0.3010299956639812,0.07368421052631578,0.41403508771929826,0.14285714285714285,0.12123834023092052,2.4752634089440466,0,0,0.0,0.0,0,-1.9364956858684026,8.826037068462448,-0.4345823867684911,3.278431134138031,-0.6705678540251363,3.2808760806054678,0.5779360142634219,1.0588549648162493,3,0.20252555704040007,-1.0878757728131654,165,1.9636363636363636,1,8,1.3343522277751834,2.0,21,17.142857142857142,7,25,5.792324266489512,17.0,1,285.0,285,285,0.0,285.0,1,285.0,285,285,0.0,285.0
analcatdata_germangss,400,8.643856189774725,73,16,4.0,0,0.0,0,0.0,0,0.0,16,0,1,0.0,16,4.0,0.0625,0.25,0.0025,0.2375,0.0136986301369863,0.03408554798489744,4.5010014512748295,0,0,0.0,0.0,0,-2.01007556675063,0.2683046846322301,-0.24855009461666083,0.7980913721980316,0.0,1.5056520870933299,1.2307954336964162,0.5037039710440472,1,0.0,-2.01007556675063,400,1.0,1,1,0.0,1.0,200,3.0,3,3,0.0,3.0,1,400.0,400,400,0.0,400.0,1,400.0,400,400,0.0,400.0
analcatdata_lawsuit,264,8.044394119358454,2,4,2.0,0,0.0,0,0.0,0,0.0,4,0,1,0.0,4,2.0,0.25,0.5,0.07196969696969698,0.928030303030303,0.5,0.6053262596521202,0.37323155189232504,0,0,0.0,0.0,0,-1.707029806515602,1.0176392773975018,-0.15499451166922457,1.2678570327618623,-0.9745412758921892,0.9444697380163888,0.08486998639115381,0.8470745508605343,3,0.5391995696290475,-1.62562406527029,38,16.210526315789473,1,59,14.489847434336914,10.5,4,123.75,86,159,33.88491552298751,125.0,1,264.0,264,264,0.0,264.0,1,264.0,264,264,0.0,264.0
annealing,898,9.810571634741146,5,31,4.954196310386875,0,0.0,0,0.0,0,0.0,31,0,1,0.0,31,4.954196310386875,0.03225806451612903,0.20184908658209985,0.008908685968819599,0.7616926503340757,0.2,0.3162118837219235,1.1898338562043977,0,0,0.0,0.0,0,-1.974421885810588,897.748271452707,84.44697445321692,177.9660462337058,-29.960358794459886,12.287720244925595,-1.6691929709528692,9.114838178632597,19,0.2594554624122157,-0.9074791263922739,311,3.189710610932476,1,23,3.5402177499268395,2.0,96,15.958333333333334,1,98,19.43467512520398,9.0,1,898.0,898,898,0.0,898.0,1,898.0,898,898,0.0,898.0
ar4,107,6.741466986401147,2,29,4.857980995127572,0,0.0,0,0.0,0,0.0,29,0,1,0.0,29,4.857980995127572,0.034482758620689655,0.20584683246043448,0.18691588785046728,0.8130841121495327,0.5,0.44276779756540824,0.6949749673676273,0,0,0.0,0.0,0,-0.13632323189368378,46.37729338323084,18.377073757815985,14.092106180367455,-0.4495717786762283,6.780959601458577,3.3574185348782013,1.8546680463357277,9,2.6729552180888976,11.78623192725193,77,1.5324675324675325,1,6,0.9613898973154154,1.0,11,22.09090909090909,1,70,25.702686613923333,11.0,1,107.0,107,107,0.0,107.0,1,107.0,107,107,0.0,107.0
arrhythmia,452,8.820178962415188,13,262,8.03342300153745,0,0.0,0,0.0,0,0.0,262,0,1,0.0,262,8.03342300153745,0.003816793893129771,0.12447993835362813,0.004424778761061947,0.5420353982300885,0.07692307692307693,0.1436752130102376,2.401386300219465,0,0,0.0,0.0,0,-1.966579865418571,452.0000000000001,84.52961113424536,127.61903632820851,-21.2602916254693,21.2602916254693,4.125842390786311,7.923298663679754,90,0.2020050519253163,0.2871359045003534,452,1.0,1,1,0.0,1.0,398,1.178391959798995,1,13,0.8087681725440733,1.0,3,228.0,88,450,158.75347765219718,146.0,1,452.0,452,452,0.0,452.0
audiology-std,196,7.614709844115208,18,59,5.882643049361842,0,0.0,0,0.0,0,0.0,59,0,1,0.0,59,5.882643049361842,0.01694915254237288,0.16999161628691403,0.01020408163265306,0.23979591836734693,0.05555555555555555,0.07297437464920722,3.2642515243809704,0,0,0.0,0.0,0,-1.7596301467321096,195.7016588804929,84.40331078998567,83.48678491977293,-4.060107964445633,13.984142283729398,7.537694809110771,5.364633071292813,33,0.7490732930850704,-0.6862909471647756,182,1.0879120879120878,1,3,0.3196272433461316,1.0,128,1.8203125,1,13,2.108144895955624,1.0,1,196.0,196,196,0.0,196.0,1,196.0,196,196,0.0,196.0
autos,205,7.679480099505446,6,49,5.614709844115208,0,0.0,0,0.0,0,0.0,49,0,1,0.0,49,5.614709844115208,0.02040816326530612,0.1781035935540111,0.014634146341463415,0.32682926829268294,0.16666666666666666,0.11223399821331972,2.272474018783028,0,0,0.0,0.0,0,-2.0032504193836926,205.00000000000006,30.09451364122401,61.775017518483885,-2.732618841647184,14.317821063276359,3.4350544415518023,4.446245497417421,9,0.5195581088768463,0.12874712505318842,152,1.4276315789473684,1,5,0.8319442485449254,1.0,95,2.231578947368421,1,18,2.629599255355712,1.0,1,205.0,205,205,0.0,205.0,1,205.0,205,205,0.0,205.0
balance-scale,625,9.287712379549449,3,4,2.0,0,0.0,0,0.0,0,0.0,4,0,1,0.0,4,2.0,0.25,0.5,0.0784,0.4608,0.3333333333333333,0.2207787429381129,1.318116246441582,0,0,0.0,0.0,0,-1.300799808916066,-1.3007998089160642,-1.3007998089160653,7.902625407419788e-16,0.0,0.0,0.0,0.0,4,0.0,-0.68835928553557,313,4.194888178913738,1,5,0.8095117865380146,4.0,10,231.3,165,420,69.62047112739184,214.0,1,625.0,625,625,0.0,625.0,1,625.0,625,625,0.0,625.0
bank,4521,12.14242620231898,2,16,4.0,0,0.0,0,0.0,0,0.0,16,0,1,0.0,16,4.0,0.0625,0.25,0.11523999115239991,0.8847600088476001,0.5,0.5441328227710681,0.5155217894467282,0,0,0.0,0.0,0,-1.929819686767831,88.38990982009001,15.602018409850102,27.354568412439423,-7.519405323277604,6.596418112250195,1.046535382354645,3.3123667285585627,9,-0.008859301195040237,-1.2513781054271205,2323,2.5949203616013774,1,42,3.6923103104208796,1.0,116,114.94827586206897,1,643,149.18368941235676,50.5,1,4521.0,4521,4521,0.0,4521.0,1,4521.0,4521,4521,0.0,4521.0
baseball,1340,10.388017285345136,3,22,4.459431618637297,0,0.0,0,0.0,0,0.0,22,0,1,0.0,22,4.459431618637297,0.045454545454545456,0.22424382421757544,0.04253731343283582,0.9067164179104478,0.3333333333333333,0.4965812803518087,0.5400978590902226,0,0,0.0,0.0,0,-1.6980893500051089,163.11849581720793,9.60744717591802,34.35721216214273,-1.8663891071518306,12.840367492157151,1.7057639946391305,2.6936038077647146,6,0.8893055195851365,0.9664019115940103,506,4.701581027667984,1,57,7.508616754342481,2.0,20,104.1,5,441,107.99254603906695,67.5,1,1340.0,1340,1340,0.0,1340.0,1,1340.0,1340,1340,0.0,1340.0
blood,748,9.546894459887637,2,4,2.0,0,0.0,0,0.0,0,0.0,4,0,1,0.0,4,2.0,0.25,0.5,0.23796791443850268,0.7620320855614974,0.5,0.3705693291779768,0.7916446298452327,0,0,0.0,0.0,0,-0.24563246017567275,15.876158434929145,10.2245129109229,7.620154636859126,0.7494511425549029,3.2112659274616853,2.2631119444819285,1.1882171275084403,3,1.0185159973855815,1.0372492809694234,19,78.78947368421052,1,431,110.93458430291176,27.0,3,368.3333333333333,26,740,292.22632020785227,339.0,1,748.0,748,748,0.0,748.0,1,748.0,748,748,0.0,748.0
bodyfat,252,7.977279923499917,2,14,3.807354922057604,0,0.0,0,0.0,0,0.0,14,0,1,0.0,14,3.807354922057604,0.07142857142857142,0.26264953503719357,0.49206349206349204,0.5079365079365079,0.5,0.01122391716169123,0.999818246960343,0,0,0.0,0.0,0,-0.4164409142706207,59.54430208610581,6.781982775921295,15.568588604211294,-5.384986543608026,2.255134289967063,0.2567315417846597,1.7444196180402218,8,0.5127588875312624,1.6771338073527629,147,2.312925170068027,1,14,2.1438179467851985,1.0,5,113.0,1,220,86.0116271209887,119.0,1,252.0,252,252,0.0,252.0,1,252.0,252,252,0.0,252.0
braziltourism,412,8.686500527183219,7,19,4.247927513443585,0,0.0,0,0.0,0,0.0,19,0,1,0.0,19,4.247927513443585,0.05263157894736842,0.23540891336663824,0.0024271844660194173,0.7718446601941747,0.14285714285714285,0.2825261783159625,1.1120878105833272,0,0,0.0,0.0,0,-1.985205824572827,412.0000000000007,100.47340142536886,153.8853517450577,-0.16621922216503512,20.297783130184445,6.894708933933334,7.581134435252105,1,1.7191538711752767,0.9601272773406571,69,5.971014492753623,1,76,11.279031480792908,2.0,49,8.408163265306122,1,89,15.902661011247476,3.0,1,412.0,412,412,0.0,412.0,1,412.0,412,412,0.0,412.0
breast-cancer,286,8.159871336778389,2,9,3.169925001442312,0,0.0,0,0.0,0,0.0,9,0,1,0.0,9,3.169925001442312,0.1111111111111111,0.31546487678572877,0.2972027972027972,0.7027972027972028,0.5,0.28679855460713116,0.8778446951746506,0,0,0.0,0.0,0,-1.9979453284763162,10.137772541047589,0.8511814699043957,3.6985718742022433,-1.8239717562303335,2.9249539961779183,0.058990765061535305,1.3515239123898979,7,0.1235267101962965,-1.9709045022208782,176,1.9261363636363635,1,11,1.4886688927743637,1.0,16,30.625,2,93,26.85347975589011,22.5,1,286.0,286,286,0.0,286.0,1,286.0,286,286,0.0,286.0
breast-cancer-wisc,699,9.449148645375436,2,9,3.169925001442312,0,0.0,0,0.0,0,0.0,9,0,1,0.0,9,3.169925001442312,0.1111111111111111,0.31546487678572877,0.3447782546494993,0.6552217453505007,0.5,0.21951669744990102,0.9293179372497982,0,0,0.0,0.0,0,-0.7334141250322768,12.65787229995842,1.691383661689908,4.2034412231803495,0.5928568726864789,3.560657042242602,1.4803324412657093,0.8439196596974268,7,0.9294445575275246,-0.5985263837243284,307,4.856677524429967,1,181,19.99345933856169,1.0,24,61.75,1,461,105.13810362248947,27.5,1,699.0,699,699,0.0,699.0,1,699.0,699,699,0.0,699.0
breast-cancer-wisc-diag,569,9.152284842306582,2,30,4.906890595608519,0,0.0,0,0.0,0,0.0,30,0,1,0.0,30,4.906890595608519,0.03333333333333333,0.2037950470905062,0.37258347978910367,0.6274165202108963,0.5,0.18019417095263515,0.9526351224018599,0,0,0.0,0.0,0,-0.5355351258449481,49.20874809040286,7.814733777873741,12.875091736814536,0.41542681005783494,5.447166321280845,1.7404066302791383,1.278728686013223,10,0.9328189695086708,0.3728033110070026,462,1.432900432900433,1,17,1.2955300386310942,1.0,22,70.86363636363636,1,357,101.19616209689228,19.5,1,569.0,569,569,0.0,569.0,1,569.0,569,569,0.0,569.0
breast-cancer-wisc-prog,198,7.6293566200796095,2,33,5.044394119358453,0,0.0,0,0.0,0,0.0,33,0,1,0.0,33,5.044394119358453,0.030303030303030304,0.19823986317056053,0.23737373737373738,0.7626262626262627,0.5,0.37140962244141895,0.790645551054681,0,0,0.0,0.0,0,-0.8088498314419281,26.469762471672215,2.7463097704320134,4.686029249289035,-0.14784539291640172,3.905349953333348,1.122591465859304,0.7762420657939924,12,0.6728250251040144,0.20683839525300884,198,1.0,1,1,0.0,1.0,41,12.195121951219512,1,75,16.813495613382287,4.0,1,198.0,198,198,0.0,198.0,1,198.0,198,198,0.0,198.0
breast-tissue,106,6.727920454563199,6,9,3.169925001442312,0,0.0,0,0.0,0,0.0,9,0,1,0.0,9,3.169925001442312,0.1111111111111111,0.31546487678572877,0.1320754716981132,0.20754716981132076,0.16666666666666666,0.030811191733121742,2.5646078191172523,0,0,0.0,0.0,0,-0.2290499217112334,63.33471783464093,10.262757329420388,20.31155256449622,0.8910286353881797,7.2702086974741755,2.2860208442089713,1.9816161011740183,4,1.3916412532583173,1.3354864187436744,29,6.103448275862069,1,34,8.995572963240297,2.0,5,34.0,1,96,32.97878105691598,26.0,1,106.0,106,106,0.0,106.0,1,106.0,106,106,0.0,106.0
car,1728,10.754887502163468,4,6,2.584962500721156,0,0.0,0,0.0,0,0.0,6,0,1,0.0,6,2.584962500721156,0.16666666666666666,0.38685280723454163,0.03761574074074074,0.7002314814814815,0.25,0.31236529732861545,1.2057409700121753,0,0,0.0,0.0,0,-1.500869061413673,-1.1541514267442352,-1.396281096710206,0.13711924386799854,-0.4350322063143113,0.0,-0.07250536771905187,0.17760115452454014,6,-8.694776863552207e-17,-0.7447842572545009,1296,1.3333333333333333,1,2,0.4714045207910317,1.0,36,201.02777777777777,112,675,115.17341661625625,152.0,1,1728.0,1728,1728,0.0,1728.0,1,1728.0,1728,1728,0.0,1728.0
cardiotocography-10clases,2126,11.053925881531105,10,21,4.392317422778761,0,0.0,0,0.0,0,0.0,21,0,1,0.0,21,4.392317422778761,0.047619047619047616,0.227670248696953,0.02492944496707432,0.27234242709313267,0.1,0.08207275433163867,2.913356388291818,0,0,0.0,0.0,0,-1.2904226501869944,299.4241424744996,21.28526682986016,65.54447899589739,-0.9951785021311543,17.35345685539678,2.1127966569671077,4.059590762400484,11,0.03990558371602292,-0.7717353380483307,1035,2.6473429951690823,1,31,2.8678258851393137,2.0,28,280.85714285714283,1,1241,321.7635238900184,180.0,1,2126.0,2126,2126,0.0,2126.0,1,2126.0,2126,2126,0.0,2126.0
cardiotocography-3clases,2126,11.053925881531105,3,21,4.392317422778761,0,0.0,0,0.0,0,0.0,21,0,1,0.0,21,4.392317422778761,0.047619047619047616,0.227670248696953,0.08278457196613359,0.7784571966133584,0.3333333333333333,0.38650317318772354,0.9742047584181182,0,0,0.0,0.0,0,-1.2904226501869944,299.4241424744996,21.28526682986016,65.54447899589739,-0.9951785021311543,17.35345685539678,2.1127966569671077,4.059590762400484,11,0.03990558371602292,-0.7717353380483307,1035,2.6473429951690823,1,31,2.8678258851393137,2.0,28,280.85714285714283,1,1241,321.7635238900184,180.0,1,2126.0,2126,2126,0.0,2126.0,1,2126.0,2126,2126,0.0,2126.0
chatfield_4,235,7.876516946564999,2,12,3.584962500721156,0,0.0,0,0.0,0,0.0,12,0,1,0.0,12,3.584962500721156,0.08333333333333333,0.27894294565112987,0.39574468085106385,0.6042553191489362,0.5,0.14743928628996095,0.9684069022981412,0,0,0.0,0.0,0,-1.2000000000000028,2.0335204730540477,0.7219777292935535,0.8334841541728892,0.0,1.3073869469687087,0.9872729349034101,0.33940941174550665,5,0.958666306405729,0.4390923460878833,126,2.642857142857143,1,28,4.326852820330058,1.0,6,90.66666666666667,11,195,67.21524298021163,87.0,1,235.0,235,235,0.0,235.0,1,235.0,235,235,0.0,235.0
chess-krvkp,3196,11.642051692927977,2,36,5.169925001442312,0,0.0,0,0.0,0,0.0,36,0,1,0.0,36,5.169925001442312,0.027777777777777776,0.19342640361727081,0.47778473091364204,0.522215269086358,0.5,0.03141713483369518,0.9985755386554581,0,0,0.0,0.0,0,-1.9769837114360715,3195.999999999994,111.17104576270964,532.251296736754,-1.0580794964552067,56.533176100410245,4.445085630275178,9.793196531735797,24,0.18235076810302805,-1.191847613330719,3196,1.0,1,1,0.0,1.0,1647,4.307832422586521,1,13,2.343450478841232,4.0,1,3196.0,3196,3196,0.0,3196.0,1,3196.0,3196,3196,0.0,3196.0
chscase_vine1,52,5.700439718141092,2,9,3.169925001442312,0,0.0,0,0.0,0,0.0,9,0,1,0.0,9,3.169925001442312,0.1111111111111111,0.31546487678572877,0.46153846153846156,0.5384615384615384,0.5,0.054392829322042084,0.9957274520849255,0,0,0.0,0.0,0,-1.2,0.5785891129126086,-0.37776882995766875,0.5990423782276889,-0.6910408609451366,0.5018768532194087,-0.04424796774587271,0.44284052020457143,7,-1.191937183804835,1.7957591000163355,47,1.1063829787234043,1,2,0.30832716481254124,1.0,5,21.2,6,40,13.075167302944921,24.0,1,52.0,52,52,0.0,52.0,1,52.0,52,52,0.0,52.0
cloud,108,6.754887502163468,2,6,2.584962500721156,0,0.0,0,0.0,0,0.0,6,0,1,0.0,6,2.584962500721156,0.16666666666666666,0.38685280723454163,0.2962962962962963,0.7037037037037037,0.5,0.2880805404834083,0.876716288999464,0,0,0.0,0.0,0,-2.038095238095238,8.399550587553993,2.3333332157217215,3.7329206933773675,0.0,2.1991167086635417,1.2281108781197039,0.7826151675163919,3,1.204351982435063,1.760776897295227,25,5.96,1,27,6.814572620494993,3.0,3,40.0,15,54,17.72004514666935,51.0,1,108.0,108,108,0.0,108.0,1,108.0,108,108,0.0,108.0
congressional-voting,435,8.76487159073609,2,16,4.0,0,0.0,0,0.0,0,0.0,16,0,1,0.0,16,4.0,0.0625,0.25,0.38620689655172413,0.6137931034482759,0.5,0.16092775020107633,0.9623080486960709,0,0,0.0,0.0,0,-0.4950184132237072,57.83561492305371,22.3577777639423,14.599528966677376,1.2277128106370214,7.718142420336654,4.67736642369711,1.592397545232624,13,2.25088785992971,7.4016318345996055,76,5.723684210526316,1,232,26.841444135304982,1.0,47,59.91489361702128,1,309,105.01202155847298,2.0,1,435.0,435,435,0.0,435.0,1,435.0,435,435,0.0,435.0
conn-bench-sonar-mines-rocks,208,7.700439718141092,2,60,5.906890595608519,0,0.0,0,0.0,0,0.0,60,0,1,0.0,60,5.906890595608519,0.016666666666666666,0.16929380759878143,0.46634615384615385,0.5336538461538461,0.5,0.047593725656786844,0.9967295890208365,0,0,0.0,0.0,0,-1.2101043769505075,20.736131366682844,2.276776902788938,4.298357671132804,-0.7889086686497085,3.401698776879237,0.9672196762243274,0.9532163385768209,28,-0.24292177116617297,-0.5832912100832788,208,1.0,1,1,0.0,1.0,133,1.781954887218045,1,14,1.9937433936616185,1.0,1,208.0,208,208,0.0,208.0,1,208.0,208,208,0.0,208.0
conn-bench-vowel-deterding,990,9.951284714966972,11,11,3.4594316186372973,0,0.0,0,0.0,0,0.0,11,0,1,0.0,11,3.4594316186372973,0.09090909090909091,0.2890648263178879,0.09090909090909091,0.09090909090909091,0.09090909090909091,0.0,3.4594316186372978,0,0,0.0,0.0,0,-1.9649780649095963,0.24887375254555533,-0.5298864453151674,0.557442795441882,-0.28243191684526675,0.3430469419067528,0.03242068154300138,0.19351849608395455,8,0.12970865942439008,-1.8755502823681636,166,7.753012048192771,1,26,4.088533402749329,7.0,6,350.1666666666667,186,433,101.7012236351603,411.0,1,990.0,990,990,0.0,990.0,1,990.0,990,990,0.0,990.0
contrac,1473,10.524541715035848,3,9,3.169925001442312,0,0.0,0,0.0,0,0.0,9,0,1,0.0,9,3.169925001442312,0.1111111111111111,0.31546487678572877,0.22606924643584522,0.4270196877121521,0.3333333333333333,0.10116094146234016,1.5390345832497476,0,0,0.0,0.0,0,-1.3249879384735055,8.627000003255937,0.9309261545387721,3.1047938576197724,-1.969500300035403,3.258111159461171,-0.13558198328755702,1.56139791475169,8,-0.22286112902636368,-0.49667092610624497,615,3.0569105691056913,1,64,5.197405251635252,1.0,31,114.83870967741936,2,771,163.02030286661278,50.0,1,1473.0,1473,1473,0.0,1473.0,1,1473.0,1473,1473,0.0,1473.0
credit-approval,690,9.430452551665532,2,15,3.9068905956085187,0,0.0,0,0.0,0,0.0,15,0,1,0.0,15,3.9068905956085187,0.06666666666666667,0.2559580248098155,0.4449275362318841,0.5550724637681159,0.5,0.07788422517417042,0.9912308989033521,0,0,0.0,0.0,0,-1.9971378336902235,214.6697640200887,20.003622119803634,55.56997018283216,-0.807942639001048,13.140648859466802,2.1693973441199157,3.419324491215064,9,-0.06269068358578271,-1.5120766391520726,412,1.9587378640776698,1,17,1.889096552761052,1.0,61,18.721311475409838,1,81,19.099507458708935,12.0,1,690.0,690,690,0.0,690.0,1,690.0,690,690,0.0,690.0
cylinder-bands,512,9.0,2,35,5.129283016944966,0,0.0,0,0.0,0,0.0,35,0,1,0.0,35,5.129283016944966,0.02857142857142857,0.1949590218937863,0.390625,0.609375,0.5,0.15467960838455727,0.9652016987500656,0,0,0.0,0.0,0,-1.9396033888332842,215.7995831093524,20.64974209563515,44.12838480336835,-14.250777290763448,11.851186767066448,-0.4059648426429204,4.360960039437625,20,0.1410926443248269,-1.5171724483113689,502,1.0199203187250996,1,2,0.13972651726494165,1.0,177,4.293785310734464,1,24,4.957858091743179,3.0,1,512.0,512,512,0.0,512.0,1,512.0,512,512,0.0,512.0
dermatology,366,8.515699838284043,6,34,5.087462841250339,0,0.0,0,0.0,0,0.0,34,0,1,0.0,34,5.087462841250339,0.029411764705882353,0.1965616322328226,0.0546448087431694,0.30601092896174864,0.16666666666666666,0.08312479505926303,2.4325972738896064,0,0,0.0,0.0,0,-1.4155945077325087,23.452420468982922,2.50353024002266,5.5177121432870715,-0.3934885165799631,4.778513746765291,1.4016504474458162,1.2965915085253852,22,-0.254555211200799,-0.7019610422780507,366,1.0,1,1,0.0,1.0,198,2.823232323232323,1,34,4.034455848876149,1.0,1,366.0,366,366,0.0,366.0,1,366.0,366,366,0.0,366.0
diabetes,768,9.584962500721156,2,8,3.0,0,0.0,0,0.0,0,0.0,8,0,1,0.0,8,3.0,0.125,0.3333333333333333,0.3489583333333333,0.6510416666666666,0.5,0.21360517348343622,0.9331343166407831,0,0,0.0,0.0,0,-0.5200718661530135,7.2142595543487715,2.775362395442393,2.9400939921236513,-1.8436079833551298,2.2722508584315744,0.5292461289375231,1.3267814784022938,7,0.6476306205966741,-0.6114364569066351,236,7.182203389830509,1,83,12.115819126710953,3.0,4,363.0,95,760,281.67090726590845,298.5,1,768.0,768,768,0.0,768.0,1,768.0,768,768,0.0,768.0
diggle_table_a2,310,8.276124405274238,2,8,3.0,0,0.0,0,0.0,0,0.0,8,0,1,0.0,8,3.0,0.125,0.3333333333333333,0.46774193548387094,0.532258064516129,0.5,0.04561979233461597,0.9969954265557696,0,0,0.0,0.0,0,-1.4164283324677343,0.6085573522459571,-0.9286252361324252,0.6630100432988578,-0.33135644107206885,0.7927137424375016,0.04881458678406353,0.34270140720663805,2,-0.04100957102290941,-1.096565605532127,37,15.35135135135135,4,31,5.996468403067314,15.0,4,163.75,107,229,46.418611569067856,159.5,1,310.0,310,310,0.0,310.0,1,310.0,310,310,0.0,310.0
disclosure_z,662,9.370687406807217,2,3,1.584962500721156,0,0.0,0,0.0,0,0.0,3,0,1,0.0,3,1.584962500721156,0.3333333333333333,0.6309297535714575,0.4743202416918429,0.525679758308157,0.5,0.036316662477858905,0.9980963921435797,0,0,0.0,0.0,0,-0.07619528571006651,0.10914010693424148,0.0324931205032953,0.09673309349912099,-0.38518578990040586,0.3846380150196533,0.11568812884805309,0.4341644162301112,3,-0.2846853285170906,-0.17260082356991635,26,56.96153846153846,3,267,55.347490228159515,42.0,1,662.0,662,662,0.0,662.0,1,662.0,662,662,0.0,662.0,1,662.0,662,662,0.0,662.0
echocardiogram,131,7.03342300153745,2,10,3.321928094887362,0,0.0,0,0.0,0,0.0,10,0,1,0.0,10,3.321928094887362,0.1,0.3010299956639812,0.3282442748091603,0.6717557251908397,0.5,0.24289927598011177,0.9131224909094169,0,0,0.0,0.0,0,-0.4493893622611531,9.246356607692883,2.8762504969281575,3.306062316171628,-2.5797930405388603,1.6569072427652274,0.1148693155681628,1.4561014532822845,8,1.3505812754169662,0.735015042946312,84,2.011904761904762,1,10,1.9910158188547136,1.0,13,20.307692307692307,3,83,22.399809804771575,15.0,1,131.0,131,131,0.0,131.0,1,131.0,131,131,0.0,131.0
ecoli,336,8.39231742277876,8,7,2.807354922057604,0,0.0,0,0.0,0,0.0,7,0,1,0.0,7,2.807354922057604,0.14285714285714285,0.3562071871080222,0.005952380952380952,0.4255952380952381,0.125,0.14505466838029737,2.188745583191225,0,0,0.0,0.0,0,-1.0447519375897831,335.99999999999994,51.976031460519735,125.72166219721046,-0.16595648432066956,18.330302779823363,3.605501007484494,6.79192907380191,5,0.2611618351037409,-0.9803392349500868,58,12.53448275862069,1,54,13.187265954440708,6.5,4,152.5,1,324,148.5,142.5,1,336.0,336,336,0.0,336.0,1,336.0,336,336,0.0,336.0
elusage,55,5.78135971352466,2,2,1.0,0,0.0,0,0.0,0,0.0,2,0,1,0.0,2,1.0,0.5,1.0,0.43636363636363634,0.5636363636363636,0.5,0.08999540851465149,0.9882836109919162,0,0,0.0,0.0,0,-1.2958937271384923,-1.282361720601525,-1.2891277238700085,0.00956857358535026,-0.09270724467574913,-0.0695345041500218,-0.08112087441288546,0.01638560196441812,2,-0.7805604803596845,-1.0107777651147565,8,10.75,4,18,4.175823272122517,11.0,2,41.5,29,54,12.5,41.5,1,55.0,55,55,0.0,55.0,1,55.0,55,55,0.0,55.0
energy-y1,768,9.584962500721156,3,8,3.0,0,0.0,0,0.0,0,0.0,8,0,1,0.0,8,3.0,0.125,0.3333333333333333,0.17838541666666666,0.46875,0.3333333333333333,0.14616429149592916,1.4863167972691065,0,0,0.0,0.0,0,-2.0052287581699346,0.11659095588716806,-1.1586233695193655,0.6556418734479779,-0.16276459310484043,0.5334138527804257,0.07401165460274436,0.2777176547936243,5,0.07243616760511785,-1.8477549564005462,416,3.4615384615384617,1,5,1.1344524002886636,3.0,17,147.76470588235293,64,289,54.50475361002896,151.0,1,768.0,768,768,0.0,768.0,1,768.0,768,768,0.0,768.0
energy-y2,768,9.584962500721156,3,8,3.0,0,0.0,0,0.0,0,0.0,8,0,1,0.0,8,3.0,0.125,0.3333333333333333,0.24609375,0.4986979166666667,0.3333333333333333,0.1432824238107741,1.5011776432971693,0,0,0.0,0.0,0,-2.0052287581699346,0.11659095588716806,-1.1586233695193655,0.6556418734479779,-0.16276459310484043,0.5334138527804257,0.07401165460274436,0.2777176547936243,5,0.07243616760511785,-1.8477549564005462,416,3.4615384615384617,1,5,1.1344524002886636,3.0,17,147.76470588235293,64,289,54.50475361002896,151.0,1,768.0,768,768,0.0,768.0,1,768.0,768,768,0.0,768.0
fertility,100,6.643856189774724,2,9,3.169925001442312,0,0.0,0,0.0,0,0.0,9,0,1,0.0,9,3.169925001442312,0.1111111111111111,0.31546487678572877,0.12,0.88,0.5,0.5374011537017761,0.5293608652873644,0,0,0.0,0.0,0,-2.0395534607699592,3.0515977344477663,-0.270077295159304,1.61658825771007,-2.234045113605476,0.7756221831567919,-0.04385786248631301,0.9636436508121411,8,0.057662406303070575,-1.149362614626204,92,1.108695652173913,1,3,0.34441259821206216,1.0,19,7.368421052631579,2,18,4.106612463817086,7.0,1,100.0,100,100,0.0,100.0,1,100.0,100,100,0.0,100.0
flags,194,7.599912842187128,8,28,4.807354922057604,0,0.0,0,0.0,0,0.0,28,0,1,0.0,28,4.807354922057604,0.03571428571428571,0.20801459767650948,0.020618556701030927,0.30927835051546393,0.12499999999999999,0.10385396459487134,2.5463397438548068,0,0,0.0,0.0,0,-2.019196511825335,82.04836073661119,11.164950618859967,23.503639883023688,-1.4251437405615772,8.569588010963473,2.0701271305148654,2.506856466932701,18,0.6598377063915655,-0.3081310881032593,187,1.0481283422459893,1,3,0.2791013550951848,1.0,137,1.489051094890511,1,8,1.2678897251155345,1.0,1,194.0,194,194,0.0,194.0,1,194.0,194,194,0.0,194.0
fri_c0_250_5,250,7.965784284662087,2,5,2.321928094887362,0,0.0,0,0.0,0,0.0,5,0,1,0.0,5,2.321928094887362,0.2,0.43067655807339306,0.5,0.5,0.5,0.0,1.0,0,0,0.0,0.0,0,-1.249046151852519,-1.0639885915913558,-1.1608269312277084,0.06676433805562483,-0.11254300501565036,-0.017932105918606063,-0.06561807202243056,0.04313517523921713,5,0.006434724133064708,-0.8018070850771828,183,1.46448087431694,1,4,0.7148660529623184,1.0,4,153.0,105,190,37.808729150819126,158.5,1,250.0,250,250,0.0,250.0,1,250.0,250,250,0.0,250.0
glass,214,7.741466986401147,6,9,3.169925001442312,0,0.0,0,0.0,0,0.0,9,0,1,0.0,9,3.169925001442312,0.1111111111111111,0.31546487678572877,0.04205607476635514,0.35514018691588783,0.16666666666666663,0.13898760091092968,2.1765339923982006,0,0,0.0,0.0,0,-0.4103174132581917,54.68973125200494,9.908545205922705,17.187305818709756,-1.1525601127159635,6.5516505210282725,1.652594272164201,2.3134927320190335,6,-1.1777275504971667,-0.2533621204438874,52,7.884615384615385,1,82,15.967098197608449,2.0,6,63.0,1,169,74.01351227985333,21.0,1,214.0,214,214,0.0,214.0,1,214.0,214,214,0.0,214.0
haberman-survival,306,8.257387842692651,2,3,1.584962500721156,0,0.0,0,0.0,0,0.0,3,0,1,0.0,3,1.584962500721156,0.3333333333333333,0.6309297535714575,0.2647058823529412,0.7352941176470589,0.5,0.3327561323230812,0.833764907210665,0,0,0.0,0.0,0,-1.118824688511397,11.73087161215162,3.3408844903274377,7.270762496922593,0.07875251847758113,2.9838228360686387,1.0696932551018745,1.6580309464168461,3,0.08359170355109445,-1.127656623824381,27,28.22222222222222,1,77,22.847859666892756,23.0,3,209.66666666666666,70,303,100.60594194954668,256.0,1,306.0,306,306,0.0,306.0,1,306.0,306,306,0.0,306.0
hayes-roth,160,7.321928094887363,3,3,1.584962500721156,0,0.0,0,0.0,0,0.0,3,0,1,0.0,3,1.584962500721156,0.3333333333333333,0.6309297535714575,0.19375,0.40625,0.3333333333333333,0.12092309884109542,1.5154656357070957,0,0,0.0,0.0,0,-0.499111104548152,-0.499111104548152,-0.499111104548152,0.0,0.647060290618176,0.6470602906181762,0.647060290618176,7.850462293418876e-17,3,1.1153639339246253,0.6764672650873806,35,9.057142857142857,1,31,8.59881339701791,6.0,2,126.5,106,147,20.5,126.5,1,160.0,160,160,0.0,160.0,1,160.0,160,160,0.0,160.0
heart-cleveland,303,8.243173983472952,5,13,3.700439718141092,0,0.0,0,0.0,0,0.0,13,0,1,0.0,13,3.700439718141092,0.07692307692307693,0.27023815442731974,0.0429042904290429,0.5412541254125413,0.19999999999999998,0.19698021944692468,1.845942184852313,0,0,0.0,0.0,0,-1.9993306558368678,4.491727508995126,0.07577106216880687,1.8102739633611034,-0.8417550047663702,1.9866519309144517,0.41547500160867595,0.8684591125449921,10,0.26928338786378125,-0.8846895615594255,272,1.1544117647058822,1,6,0.5736707970526331,1.0,48,10.916666666666666,1,44,11.02049857714654,6.0,1,303.0,303,303,0.0,303.0,1,303.0,303,303,0.0,303.0
heart-hungarian,294,8.199672344836364,2,12,3.584962500721156,0,0.0,0,0.0,0,0.0,12,0,1,0.0,12,3.584962500721156,0.08333333333333333,0.27894294565112987,0.36054421768707484,0.6394557823129252,0.5,0.1972202586982888,0.9431340036829803,0,0,0.0,0.0,0,-1.4222976463563404,9.961947748524121,2.499488919606998,4.01747859607909,-1.010104356017189,3.4488004087045896,0.7229339052384679,1.4994435078315596,9,0.638594681539988,-1.0653962502907517,173,2.184971098265896,1,14,2.313670013161023,1.0,25,24.12,1,105,30.44906566711038,8.0,1,294.0,294,294,0.0,294.0,1,294.0,294,294,0.0,294.0
heart-switzerland,123,6.94251450533924,5,12,3.584962500721156,0,0.0,0,0.0,0,0.0,12,0,1,0.0,12,3.584962500721156,0.08333333333333333,0.27894294565112987,0.04065040650406504,0.3902439024390244,0.2,0.1460702093104111,1.9758920795074686,0,0,0.0,0.0,0,-1.9704182802997026,27.664051333490484,5.639721145796693,9.3337068022269,-3.102023643776658,5.294275380145654,0.3044829246388745,2.5175237010960974,10,0.16722525661007287,-1.4591359425051602,107,1.2429906542056075,1,7,0.783487548229334,1.0,21,10.0,1,32,9.273618495495704,7.0,1,123.0,123,123,0.0,123.0,1,123.0,123,123,0.0,123.0
heart-va,200,7.643856189774724,5,12,3.584962500721156,0,0.0,0,0.0,0,0.0,12,0,1,0.0,12,3.584962500721156,0.08333333333333333,0.27894294565112987,0.05,0.28,0.2,0.08951256894984079,2.1745471249212494,0,0,0.0,0.0,0,-2.010024291616597,29.116958480085792,2.0195750136493875,8.630564260711177,-5.552105435821209,1.905183565842845,-0.43088945293976905,1.8569296002415305,9,-0.1378632294470823,-1.4543828001348178,170,1.2,1,5,0.5800608487351082,1.0,32,10.09375,1,48,11.750955745704262,6.5,1,200.0,200,200,0.0,200.0,1,200.0,200,200,0.0,200.0
hepatitis,155,7.2761244052742375,2,19,4.247927513443585,0,0.0,0,0.0,0,0.0,19,0,1,0.0,19,4.247927513443585,0.05263157894736842,0.23540891336663824,0.2064516129032258,0.7935483870967742,0.5,0.41514011024500536,0.7346451526501956,0,0,0.0,0.0,0,-1.987251866690949,13.990104826295243,2.293215661051879,4.23784910516358,-2.6087838125154508,3.1597544516689005,-0.29963851950716164,1.744202850463526,15,0.4189888987943257,-0.5531945473974438,143,1.097902097902098,1,3,0.36093672449129904,1.0,56,4.464285714285714,1,27,5.551590138079764,2.0,1,155.0,155,155,0.0,155.0,1,155.0,155,155,0.0,155.0
hill-valley,1212,10.243173983472952,2,100,6.643856189774724,0,0.0,0,0.0,0,0.0,100,0,1,0.0,100,6.643856189774724,0.01,0.1505149978319906,0.5,0.5,0.5,0.0,1.0,0,0,0.0,0.0,0,19.78660304209226,29.285706402310826,22.42189854589199,1.5286997151459483,4.267612868005033,4.841159633828575,4.454459264783607,0.09762736034687178,1,4.393096159675155,21.49878946463566,67,20.880597014925375,1,1029,125.59738118622379,1.0,13,101.61538461538461,1,1089,286.8788375876152,6.0,2,636.5,87,1186,549.5,636.5,1,1212.0,1212,1212,0.0,1212.0
horse-colic,368,8.523561956057012,2,25,4.643856189774724,0,0.0,0,0.0,0,0.0,25,0,1,0.0,25,4.643856189774724,0.04,0.21533827903669653,0.3695652173913043,0.6304347826086957,0.5,0.18446263857040374,0.9503376699710268,0,0,0.0,0.0,0,-1.6183944319958985,130.54977659450387,11.980306847800854,31.381446687735828,-0.5334278593334515,11.382185498661265,2.0567662592522002,2.738448253160771,18,1.2791364066715105,0.8998099966297342,337,1.1038575667655786,1,6,0.4404104679798671,1.0,64,16.515625,1,122,27.850040500138864,2.0,1,368.0,368,368,0.0,368.0,1,368.0,368,368,0.0,368.0
ilpd-indian-liver,583,9.187352073200497,2,9,3.169925001442312,0,0.0,0,0.0,0,0.0,9,0,1,0.0,9,3.169925001442312,0.1111111111111111,0.31546487678572877,0.2864493996569468,0.7135506003430532,0.5,0.30200615525806235,0.8640904272487622,0,0,0.0,0.0,0,-0.5600669428699687,150.92072606643077,30.024798773922605,48.80792477148052,-0.2856721086463042,10.546207778701138,3.269682413828293,3.660757042179496,6,-0.043227168485212734,-0.37410957288881574,89,15.573033707865168,1,128,27.019713003594553,4.0,5,204.4,11,573,200.85975206596268,97.0,1,583.0,583,583,0.0,583.0,1,583.0,583,583,0.0,583.0
image-segmentation,2310,11.17367713630342,7,18,4.169925001442312,0,0.0,0,0.0,0,0.0,18,0,1,0.0,18,4.169925001442312,0.05555555555555555,0.23981246656813146,0.14285714285714285,0.14285714285714285,0.14285714285714282,2.997944808332385e-17,2.807354922057604,0,0,0.0,0.0,0,-1.2459870174052767,371.0320929985108,65.31126845995318,123.4573473281903,-0.9707828204006075,17.35683476862697,4.366949326212944,6.175534283725559,6,1.0908326491502707,0.07797102178377369,199,22.969849246231156,1,141,25.4824621034084,14.0,13,488.38461538461536,2,1249,469.5530671183362,306.0,1,2310.0,2310,2310,0.0,2310.0,1,2310.0,2310,2310,0.0,2310.0
ionosphere,351,8.45532722030456,2,33,5.044394119358453,0,0.0,0,0.0,0,0.0,33,0,1,0.0,33,5.044394119358453,0.030303030303030304,0.19823986317056053,0.358974358974359,0.6410256410256411,0.5,0.19944037418082114,0.9418285354475157,0,0,0.0,0.0,0,-0.6709232208655709,4.438264794872245,0.36112714390752837,1.093361792316226,-2.532391692773497,0.11264972740916854,-0.5844740191505452,0.6487619908602067,24,-0.2667155132914332,-1.2559600047425101,279,1.4480286738351253,1,21,1.8827612755427034,1.0,119,7.0,1,95,17.932647097759247,1.0,1,351.0,351,351,0.0,351.0,1,351.0,351,351,0.0,351.0
iris,150,7.22881869049588,3,4,2.0,0,0.0,0,0.0,0,0.0,4,0,1,0.0,4,2.0,0.25,0.5,0.3333333333333333,0.3333333333333333,0.3333333333333333,0.0,1.584962500721156,0,0,0.0,0.0,0,-1.4019197413372293,0.2907787417775123,-0.7507398412348891,0.7948172978733081,-0.2744637704600555,0.3340526995985708,0.06737603576809609,0.30493512405792056,2,-0.21442920945632174,-1.3999677387736722,15,15.933333333333334,1,42,12.614629954496836,12.0,2,114.0,106,122,8.0,114.0,1,150.0,150,150,0.0,150.0,1,150.0,150,150,0.0,150.0
kc3,458,8.839203788096944,2,39,5.285402218862249,0,0.0,0,0.0,0,0.0,39,0,1,0.0,39,5.285402218862249,0.02564102564102564,0.18920035951687003,0.09388646288209607,0.9061135371179039,0.5,0.5743312720554491,0.44931097622048255,0,0,0.0,0.0,0,-1.4992423141636742,135.62389579561776,18.932703744292233,25.40704374090639,-2.0180617350861225,10.031467376936385,3.1011384495948664,2.228682960105903,9,-1.439749005358461,2.8451142375022322,195,2.5487179487179485,1,41,5.2585886668003345,1.0,29,27.344827586206897,1,213,47.2727054455601,14.0,1,458.0,458,458,0.0,458.0,1,458.0,458,458,0.0,458.0
kidney,76,6.247927513443585,2,9,3.169925001442312,0,0.0,0,0.0,0,0.0,9,0,1,0.0,9,3.169925001442312,0.1111111111111111,0.31546487678572877,0.47368421052631576,0.5263157894736842,0.5,0.03721614637823934,0.9980008838722996,0,0,0.0,0.0,0,-1.581123800301883,5.0197911448918715,0.31728992317705074,2.3821672029895766,-1.2630351879624804,2.624566061572553,0.7185072003117017,1.2423774167301078,4,-1.145789523973507,-0.4305632446076668,48,1.75,1,6,1.0897247358851685,1.0,15,5.8,1,15,4.292629341868066,5.0,1,76.0,76,76,0.0,76.0,1,76.0,76,76,0.0,76.0
labor,57,5.832890014164741,2,26,4.700439718141092,0,0.0,0,0.0,0,0.0,26,0,1,0.0,26,4.700439718141092,0.038461538461538464,0.21274605355336318,0.3508771929824561,0.6491228070175439,0.5,0.2108914961433563,0.9348490242345944,0,0,0.0,0.0,0,-1.9622283440465265,24.9267407235824,2.946582121200131,6.010655230294063,-4.116057382332714,4.395078079343371,0.5231532432725104,1.8729792721224747,7,-0.34591488226668066,-0.6488338684862178,53,1.0754716981132075,1,2,0.2641509433962264,1.0,41,1.4634146341463414,1,3,0.6661707455486665,1.0,1,57.0,57,57,0.0,57.0,1,57.0,57,57,0.0,57.0
led-display,1000,9.965784284662087,10,7,2.807354922057604,0,0.0,0,0.0,0,0.0,7,0,1,0.0,7,2.807354922057604,0.14285714285714285,0.3562071871080222,0.084,0.111,0.1,0.007803133273813083,3.3179244604883187,0,0,0.0,0.0,0,-1.8755056650276247,1.0986517981928583,-0.9905346325178283,1.07371492319256,-1.7596756787003331,0.358119194995183,-0.7838267531761202,0.6806201167703679,7,-0.4853184959867115,-0.7783449685733816,88,11.363636363636363,1,74,17.567520274502073,5.0,26,87.38461538461539,3,238,63.4689972306752,73.0,1,1000.0,1000,1000,0.0,1000.0,1,1000.0,1000,1000,0.0,1000.0
lenses,24,4.584962500721156,3,4,2.0,0,0.0,0,0.0,0,0.0,4,0,1,0.0,4,2.0,0.25,0.5,0.16666666666666666,0.625,0.3333333333333333,0.2534484387624258,1.3260875253642983,0,0,0.0,0.0,0,-2.1904761904761902,-1.5681818181818181,-2.034902597402597,0.31114718614718606,0.0,0.0,0.0,0.0,4,0.0,-0.9458874458874456,24,1.0,1,1,0.0,1.0,8,6.0,6,6,0.0,6.0,1,24.0,24,24,0.0,24.0,1,24.0,24,24,0.0,24.0
libras,360,8.491853096329674,15,90,6.491853096329675,0,0.0,0,0.0,0,0.0,90,0,1,0.0,90,6.491853096329675,0.011111111111111112,0.15403922195426356,0.06666666666666667,0.06666666666666667,0.06666666666666667,0.0,3.906890595608518,0,0,0.0,0.0,0,-1.0273185042289759,-0.24547691707676655,-0.7081788857803606,0.1942937213002664,-0.46732162149292256,0.191995414399753,-0.18738160478691943,0.17192193154004531,9,-0.454828193612397,-0.9772872551108369,321,1.1246105919003115,1,3,0.3486313977205678,1.0,139,3.258992805755396,1,22,2.9924079702440136,2.0,1,360.0,360,360,0.0,360.0,1,360.0,360,360,0.0,360.0
low-res-spect,531,9.052568050804153,9,100,6.643856189774724,0,0.0,0,0.0,0,0.0,100,0,1,0.0,100,6.643856189774724,0.01,0.1505149978319906,0.003766478342749529,0.519774011299435,0.1111111111111111,0.17002166515366499,1.9494968567570696,0,0,0.0,0.0,0,-1.1756728015134401,298.2293298939492,8.728857308013524,29.646584925324177,-1.7672940107410215,15.423150386010308,1.1151782327544486,2.2947788513994514,7,2.4227947597174158,6.45482143092364,518,1.027027027027027,1,3,0.173659352463699,1.0,59,29.508474576271187,1,141,38.110176087259106,11.0,2,303.0,81,525,222.0,303.0,1,531.0,531,531,0.0,531.0
lowbwt,189,7.562242424221073,2,9,3.169925001442312,0,0.0,0,0.0,0,0.0,9,0,1,0.0,9,3.169925001442312,0.1111111111111111,0.31546487678572877,0.47619047619047616,0.5238095238095238,0.5,0.03367175148507373,0.998363672593813,0,0,0.0,0.0,0,-1.81864601549446,11.141961213134792,2.552888152117465,4.569262574892975,0.3100472290205446,3.6089004981712307,1.52238816097529,1.1186557627889675,7,0.22341876992004317,-1.3954391272990145,104,2.3365384615384617,1,19,3.1519547564935397,1.0,22,9.727272727272727,1,45,12.18487071659627,4.0,1,189.0,189,189,0.0,189.0,1,189.0,189,189,0.0,189.0
lung-cancer,32,5.0,3,56,5.807354922057604,0,0.0,0,0.0,0,0.0,56,0,1,0.0,56,5.807354922057604,0.017857142857142856,0.17219543379409813,0.28125,0.40625,0.3333333333333333,0.06505206248331666,1.5670524281972302,0,0,0.0,0.0,0,-2.0632731253420906,32.0,1.6884155029163563,5.297439340809835,-2.380876189257104,5.65685424949238,0.15834911271506893,1.451622028808998,21,-0.9341112824858083,0.19624178584649155,32,1.0,1,1,0.0,1.0,32,1.0,1,1,0.0,1.0,1,32.0,32,32,0.0,32.0,1,32.0,32,32,0.0,32.0
lupus,87,6.442943495848728,2,3,1.584962500721156,0,0.0,0,0.0,0,0.0,3,0,1,0.0,3,1.584962500721156,0.3333333333333333,0.6309297535714575,0.40229885057471265,0.5977011494252874,0.5,0.13817029057668173,0.972279462096882,0,0,0.0,0.0,0,-0.9467504399686795,9.120860777419225,2.6028743368360554,5.652218779502506,-0.13500053871048076,3.0438018334173873,1.2327888171003383,1.6350937404888584,2,1.3695033014931264,1.5568876903733488,14,9.571428571428571,1,35,8.997732140571278,7.0,2,64.5,48,81,16.5,64.5,1,87.0,87,87,0.0,87.0,1,87.0,87,87,0.0,87.0
lymphography,148,7.20945336562895,4,18,4.169925001442312,0,0.0,0,0.0,0,0.0,18,0,1,0.0,18,4.169925001442312,0.05555555555555555,0.23981246656813146,0.013513513513513514,0.5472972972972973,0.24999999999999997,0.2710012637021669,1.2276775019465804,0,0,0.0,0.0,0,-2.026830316873839,29.749468223686627,2.4785799589542403,8.337359936952302,-1.4426512046796574,5.4423619459318235,0.7558812290288617,1.8805034022012108,14,0.3216569927691233,-0.4275369935333808,147,1.0068027210884354,1,2,0.08219759165710593,1.0,88,1.9318181818181819,1,10,1.5506263730377898,1.0,1,148.0,148,148,0.0,148.0,1,148.0,148,148,0.0,148.0
mammographic,961,9.90839262077375,2,5,2.321928094887362,0,0.0,0,0.0,0,0.0,5,0,1,0.0,5,2.321928094887362,0.2,0.43067655807339306,0.4630593132154006,0.5369406867845994,0.5,0.052242020254157015,0.9960589654112922,0,0,0.0,0.0,0,-1.560325209459861,666.596227314532,133.7053816238334,297.90553465257756,-2.413619279405381,23.449516776549206,4.071402248513273,10.87483477112997,4,-0.08276807961983941,-1.5427226174972173,87,20.137931034482758,1,220,42.273921314512435,4.0,5,556.4,308,824,196.45925786279454,483.0,1,961.0,961,961,0.0,961.0,1,961.0,961,961,0.0,961.0
meta,528,9.044394119358454,2,19,4.247927513443585,0,0.0,0,0.0,0,0.0,19,0,1,0.0,19,4.247927513443585,0.05263157894736842,0.23540891336663824,0.10227272727272728,0.8977272727272727,0.5,0.5624713032165719,0.47615884455807067,0,0,0.0,0.0,0,-1.4582797715805849,13.985756455054577,4.004287425100036,4.790062518482461,-2.0446189105022583,3.833076395087277,1.5109879453665294,1.60468465406423,10,-0.4809597886245315,-0.8876670693143138,22,24.0,24,24,0.0,24.0,13,48.0,24,144,37.65429794653134,24.0,1,528.0,528,528,0.0,528.0,1,528.0,528,528,0.0,528.0
mfeat-karhunen,2000,10.965784284662087,10,64,6.0,0,0.0,0,0.0,0,0.0,64,0,1,0.0,64,6.0,0.015625,0.16666666666666666,0.1,0.1,0.1,0.0,3.321928094887362,0,0,0.0,0.0,0,-0.9447092659152543,0.5809426013669312,-0.04565484575249518,0.2543268672253479,-0.33911309273191337,0.4187220480956682,-0.0042856626077366735,0.16470536540223582,50,0.0399861098461505,-0.5379886237117795,1989,1.0055304172951232,1,2,0.07416085072101708,1.0,921,3.6525515743756785,1,61,4.675904054074476,2.0,1,2000.0,2000,2000,0.0,2000.0,1,2000.0,2000,2000,0.0,2000.0
mfeat-morphological,2000,10.965784284662087,2,6,2.584962500721156,0,0.0,0,0.0,0,0.0,6,0,1,0.0,6,2.584962500721156,0.16666666666666666,0.38685280723454163,0.1,0.9,0.5,0.5656854249492381,0.4689955935892812,0,0,0.0,0.0,0,-1.0383558022952792,0.07949387005620201,-0.5362369011174958,0.4142445172229357,-0.06283666261435156,1.008483001475662,0.5315671733271818,0.36689195772572847,3,0.31467401593242356,-1.0782810569160304,29,103.27586206896552,1,341,113.2573805318951,48.0,3,1256.6666666666667,917,1515,250.81511561750463,1338.0,1,2000.0,2000,2000,0.0,2000.0,1,2000.0,2000,2000,0.0,2000.0
molec-biol-promoter,106,6.727920454563199,2,57,5.832890014164741,0,0.0,0,0.0,0,0.0,57,0,1,0.0,57,5.832890014164741,0.017543859649122806,0.17144160057391347,0.5,0.5,0.5,0.0,1.0,0,0,0.0,0.0,0,-1.6430306897551121,-0.38910063023099495,-1.3623561837247962,0.19927775761295224,-0.6388861631948428,0.4853278830059757,-0.03682014787341874,0.2506714337094808,43,-0.18290868179182915,-0.3045819964048446,106,1.0,1,1,0.0,1.0,106,1.0,1,1,0.0,1.0,1,106.0,106,106,0.0,106.0,1,106.0,106,106,0.0,106.0
molec-biol-splice,3190,11.639340708652231,3,60,5.906890595608519,0,0.0,0,0.0,0,0.0,60,0,1,0.0,60,5.906890595608519,0.016666666666666666,0.16929380759878143,0.24043887147335424,0.5188087774294671,0.3333333333333333,0.16062652283904474,1.4801700696136337,0,0,0.0,0.0,0,-1.3833740305673017,-0.26105119580932046,-1.2639888958098764,0.16423983086883465,-0.6681088461039856,0.6766489815887653,-0.018707322600318425,0.16834071995480804,55,0.15796396281250885,-0.004987330839473003,3004,1.0619174434087884,1,5,0.33168423628282934,1.0,2917,1.1001028453890984,1,10,0.4915361692412852,1.0,1,3190.0,3190,3190,0.0,3190.0,1,3190.0,3190,3190,0.0,3190.0
monks-1,556,9.118941072723507,2,6,2.584962500721156,0,0.0,0,0.0,0,0.0,6,0,1,0.0,6,2.584962500721156,0.16666666666666666,0.38685280723454163,0.5,0.5,0.5,0.0,1.0,0,0,0.0,0.0,0,-1.4493496026617856,-0.9365096308345411,-1.1453852321373548,0.2139820504378266,-0.09604564041601102,0.04663930640537721,-0.01259747721989306,0.05777466065258831,6,0.6300449156585383,-0.4248869464131899,311,2.144694533762058,1,4,0.766016013997112,2.0,7,212.28571428571428,118,389,82.1387576616793,195.0,1,556.0,556,556,0.0,556.0,1,556.0,556,556,0.0,556.0
monks-2,601,9.231221180711186,2,6,2.584962500721156,0,0.0,0,0.0,0,0.0,6,0,1,0.0,6,2.584962500721156,0.16666666666666666,0.38685280723454163,0.3427620632279534,0.6572379367720466,0.5,0.22236802270259148,0.9274373177990277,0,0,0.0,0.0,0,-1.509598846682735,-1.0409096108216467,-1.2493817362535589,0.2042233818952737,-0.25622861693692145,-0.11489680240001612,-0.18374332661635992,0.05779712015253705,6,0.2157346169786689,-0.830316172883216,560,1.0982142857142858,1,3,0.32070851887911034,1.0,21,126.9047619047619,102,352,56.11374906800578,103.0,1,601.0,601,601,0.0,601.0,1,601.0,601,601,0.0,601.0
monks-3,554,9.113742166049189,2,6,2.584962500721156,0,0.0,0,0.0,0,0.0,6,0,1,0.0,6,2.584962500721156,0.16666666666666666,0.38685280723454163,0.48014440433212996,0.51985559566787,0.5,0.028080052682498247,0.9988621511417834,0,0,0.0,0.0,0,-1.406396026956517,-0.8650886400647559,-1.1020592808701561,0.22543122020972386,-0.06982174142581936,0.08664013257944753,0.013243033571807429,0.0623622885004402,6,0.6514083958493724,-0.37623764613726696,314,2.127388535031847,1,5,0.7548241002306012,2.0,7,209.71428571428572,121,309,52.52948637456405,214.0,1,554.0,554,554,0.0,554.0,1,554.0,554,554,0.0,554.0
mushroom,8124,12.987974524296153,2,21,4.392317422778761,0,0.0,0,0.0,0,0.0,21,0,1,0.0,21,4.392317422778761,0.047619047619047616,0.227670248696953,0.48202855736090594,0.517971442639094,0.5,0.025415457915616908,0.9990678968724603,0,0,0.0,0.0,0,-1.926846193463887,51.19144410763792,4.340417939873589,13.186805980341305,-6.946943967755659,2.701654574638106,-0.7465091259094215,2.2258300338986325,14,0.25280679869697575,-1.3197001384257308,2217,6.309878213802436,1,28,3.874561896582054,5.0,79,206.48101265822785,8,1294,302.47129211029807,79.0,1,8124.0,8124,8124,0.0,8124.0,1,8124.0,8124,8124,0.0,8124.0
musk-1,476,8.894817763307943,2,166,7.3750394313469245,0,0.0,0,0.0,0,0.0,166,0,1,0.0,166,7.3750394313469245,0.006024096385542169,0.13559249537698637,0.43487394957983194,0.5651260504201681,0.5,0.09210214376799566,0.9877270579926238,0,0,0.0,0.0,0,-1.5884802215795624,215.73856856773384,3.6622393823175003,22.26538392618449,-1.830697108464176,13.575322807743358,0.282418068277626,1.870152589015909,31,-0.508739059046864,-1.4360681067907444,472,1.0084745762711864,1,2,0.09166655785077937,1.0,402,1.236318407960199,1,5,0.5698689542206438,1.0,4,218.25,36,444,162.57978810417978,196.5,1,476.0,476,476,0.0,476.0
newton_hema,140,7.129283016944966,2,13,3.700439718141092,0,0.0,0,0.0,0,0.0,13,0,1,0.0,13,3.700439718141092,0.07692307692307693,0.27023815442731974,0.5,0.5,0.5,0.0,1.0,0,0,0.0,0.0,0,-0.9245908393155724,31.17425373830904,8.312611633913365,8.44545042927388,0.2758009806047114,5.720932358641524,2.904718786831558,1.298768857629078,2,0.22026275832185832,-0.9931579214277058,29,6.620689655172414,1,17,4.413254277455492,5.0,12,12.75,4,18,4.566636252940086,14.0,1,140.0,140,140,0.0,140.0,1,140.0,140,140,0.0,140.0
no2,500,8.965784284662087,2,7,2.807354922057604,0,0.0,0,0.0,0,0.0,7,0,1,0.0,7,2.807354922057604,0.14285714285714285,0.3562071871080222,0.498,0.502,0.5,0.0028284271247461927,0.9999884584088952,0,0,0.0,0.0,0,-1.2078164044481858,4.63490512682033,0.4748910003384581,2.0083249903869644,-0.8379516356394839,0.8258422109883665,-0.1182669777841235,0.6376676018539463,6,-0.7247913640489979,-0.9698381655284067,167,5.221556886227545,1,27,4.892131281385329,3.0,2,331.5,257,406,74.5,331.5,1,500.0,500,500,0.0,500.0,1,500.0,500,500,0.0,500.0
oocytes_merluccius_nucleus_4d,1022,9.997179480937621,2,41,5.357552004618084,0,0.0,0,0.0,0,0.0,41,0,1,0.0,41,5.357552004618084,0.024390243902439025,0.18665241123894338,0.32974559686888455,0.6702544031311155,0.5,0.24077608596175984,0.9146662391723666,0,0,0.0,0.0,0,-1.168006835674532,17.584789334919535,3.365776805760122,5.22661061511834,-2.8145650953391734,3.304885788227716,0.7105366167758055,1.5765446371156147,4,-0.13068771639049914,-0.9149191827723291,357,4.84593837535014,1,33,5.528263668592491,2.0,15,148.13333333333333,1,492,149.05339833615184,124.0,1,1022.0,1022,1022,0.0,1022.0,1,1022.0,1022,1022,0.0,1022.0
oocytes_merluccius_states_2f,1022,9.997179480937621,3,25,4.643856189774724,0,0.0,0,0.0,0,0.0,25,0,1,0.0,25,4.643856189774724,0.04,0.21533827903669653,0.05968688845401174,0.6868884540117417,0.3333333333333333,0.3211456029754876,1.1167802316656497,0,0,0.0,0.0,0,-1.0534042427228867,10.566126031972287,2.4026767704401175,4.157365802247833,-2.814564707092575,2.9826481675422096,0.19679647683451354,1.498420385800869,6,0.16545357640852795,-0.6725996564766725,581,2.3407917383820998,1,16,1.9283746091066083,2.0,15,208.93333333333334,4,543,177.32586450437012,164.0,1,1022.0,1022,1022,0.0,1022.0,1,1022.0,1022,1022,0.0,1022.0
oocytes_trisopterus_nucleus_2f,912,9.832890014164741,2,25,4.643856189774724,0,0.0,0,0.0,0,0.0,25,0,1,0.0,25,4.643856189774724,0.04,0.21533827903669653,0.42214912280701755,0.5778508771929824,0.5,0.11009776636895804,0.9824409926603737,0,0,0.0,0.0,0,-0.8024443041728864,34.85096731572232,4.854940316097893,8.095216623719036,-3.472765722122211,4.4118882940037265,0.3922570003374321,1.7559938408759217,6,-0.8847531937890618,0.13151214108343368,327,5.217125382262997,1,59,8.082068364313765,2.0,11,196.45454545454547,1,549,199.89559258243864,139.0,1,912.0,912,912,0.0,912.0,1,912.0,912,912,0.0,912.0
oocytes_trisopterus_states_5b,912,9.832890014164741,3,32,5.0,0,0.0,0,0.0,0,0.0,32,0,1,0.0,32,5.0,0.03125,0.2,0.015350877192982455,0.5756578947368421,0.3333333333333333,0.2877135315799938,1.0786740224382176,0,0,0.0,0.0,0,-0.8024443041728864,34.85096731572232,4.268549474589477,7.357825617509312,-3.472765722122211,4.4118882940037265,0.7504272803842233,1.6018789640414852,6,0.8630392894847209,0.35534961338731197,384,4.119791666666667,1,58,6.814600131819711,2.0,16,123.0625,1,485,154.56732705766117,65.0,1,912.0,912,912,0.0,912.0,1,912.0,912,912,0.0,912.0
ozone,2536,11.308339030139408,2,72,6.169925001442312,0,0.0,0,0.0,0,0.0,72,0,1,0.0,72,6.169925001442312,0.013888888888888888,0.16207652439312228,0.028785488958990538,0.9712145110410094,0.5,0.6663979523012021,0.1882640931192251,0,0,0.0,0.0,0,-1.0668233338363018,77.71545773112105,2.2357598011884545,10.170142860319348,-4.868992027367419,7.379281734366575,-0.27159116626617924,1.5514435523051353,16,-0.8111883951352691,-0.2055785979512459,2495,1.0228456913827655,1,12,0.30341925569403927,1.0,490,16.571428571428573,1,333,35.75888643657229,4.0,1,2536.0,2536,2536,0.0,2536.0,1,2536.0,2536,2536,0.0,2536.0
parkinsons,195,7.60733031374961,2,22,4.459431618637297,0,0.0,0,0.0,0,0.0,22,0,1,0.0,22,4.459431618637297,0.045454545454545456,0.22424382421757544,0.24615384615384617,0.7538461538461538,0.5,0.358992673525478,0.8051250074646821,0,0,0.0,0.0,0,-0.9217798713345009,21.99495049142634,5.519076207264813,6.4597370209162674,-0.514317889558298,4.220707450842917,1.6572694243254562,1.335270080725341,8,1.3914616818628625,3.340730932260163,152,1.361842105263158,1,6,0.7909799227712083,1.0,13,39.23076923076923,1,124,44.1817119251739,18.0,1,195.0,195,195,0.0,195.0,1,195.0,195,195,0.0,195.0
pima,768,9.584962500721156,2,8,3.0,0,0.0,0,0.0,0,0.0,8,0,1,0.0,8,3.0,0.125,0.3333333333333333,0.3489583333333333,0.6510416666666666,0.5,0.21360517348343622,0.9331343166407831,0,0,0.0,0.0,0,-0.5200684725151459,7.214266714604095,2.775363488337772,2.9400958887446946,-1.8436077707603924,2.2722518893249477,0.5292464201277763,1.3267815004425692,7,0.6476308787374806,-0.6114370172435786,236,7.182203389830509,1,83,12.115819126710953,3.0,4,363.0,95,760,281.67090726590845,298.5,1,768.0,768,768,0.0,768.0,1,768.0,768,768,0.0,768.0
pittsburg-bridges-MATERIAL,106,6.727920454563199,3,7,2.807354922057604,0,0.0,0,0.0,0,0.0,7,0,1,0.0,7,2.807354922057604,0.14285714285714285,0.3562071871080222,0.10377358490566038,0.7452830188679245,0.3333333333333333,0.35753762785760784,1.06704850257262,0,0,0.0,0.0,0,-1.064124558580847,2.3838188035647767,0.1108256428704321,1.2756099083077226,-1.5022093831106198,0.5080453862893916,-0.4621360385048652,0.789231224080279,7,-0.500620135107702,-0.34071566058958336,76,1.4210526315789473,1,5,0.8313457367858585,1.0,6,38.833333333333336,17,83,21.512916017024647,33.5,1,106.0,106,106,0.0,106.0,1,106.0,106,106,0.0,106.0
pittsburg-bridges-REL-L,103,6.6865005271832185,3,7,2.807354922057604,0,0.0,0,0.0,0,0.0,7,0,1,0.0,7,2.807354922057604,0.14285714285714285,0.3562071871080222,0.14563106796116504,0.5145631067961165,0.3333333333333333,0.18455116413441106,1.427199084279809,0,0,0.0,0.0,0,-1.0636388111695707,2.249144890296316,0.030444689058887482,1.2019898845899912,-1.4604542021457525,0.33541998412566126,-0.4946082765719458,0.7162969871335235,7,-0.5482270008361328,-0.3844678544952078,73,1.4383561643835616,1,5,0.8437733476402461,1.0,6,38.333333333333336,17,81,20.797969986408663,33.5,1,103.0,103,103,0.0,103.0,1,103.0,103,103,0.0,103.0
pittsburg-bridges-SPAN,92,6.523561956057013,3,7,2.807354922057604,0,0.0,0,0.0,0,0.0,7,0,1,0.0,7,2.807354922057604,0.14285714285714285,0.3562071871080222,0.2391304347826087,0.5217391304347826,0.3333333333333333,0.16316420651011163,1.4768968337237893,0,0,0.0,0.0,0,-1.117066558491344,1.893572250962794,-0.07600745334428478,1.0624365754211516,-1.3444286198976454,0.4745660835007643,-0.482953465349122,0.6793847752459102,6,-0.49664006960727963,-0.5817079294432856,63,1.492063492063492,1,5,0.8886053969700577,1.0,9,30.0,8,60,15.58489297008128,30.0,1,92.0,92,92,0.0,92.0,1,92.0,92,92,0.0,92.0
pittsburg-bridges-T-OR-D,102,6.672425341971495,2,7,2.807354922057604,0,0.0,0,0.0,0,0.0,7,0,1,0.0,7,2.807354922057604,0.14285714285714285,0.3562071871080222,0.13725490196078433,0.8627450980392157,0.5,0.5129990373314168,0.5770042503157248,0,0,0.0,0.0,0,-1.068137208333165,2.204821981111366,0.030304857306831603,1.1800262533465564,-1.4463299264111917,0.3493744597026879,-0.48785638518589114,0.7144006940498125,7,-0.5868174855814202,-0.3966296329252752,73,1.4246575342465753,1,5,0.842660630094778,1.0,6,38.0,17,80,20.428737928059416,33.5,1,102.0,102,102,0.0,102.0,1,102.0,102,102,0.0,102.0
pittsburg-bridges-TYPE,105,6.714245517666122,6,7,2.807354922057604,0,0.0,0,0.0,0,0.0,7,0,1,0.0,7,2.807354922057604,0.14285714285714285,0.3562071871080222,0.09523809523809523,0.41904761904761906,0.16666666666666666,0.12530235541325166,2.3176028118111756,0,0,0.0,0.0,0,-1.0225251182589967,2.482288434104567,0.12635699525035374,1.296986386666063,-1.5350707925288125,0.5208991854714274,-0.46427906028935545,0.7941240379928445,7,-0.5383618504163098,-0.3137558384142074,75,1.4266666666666667,1,5,0.8354373438837622,1.0,6,38.333333333333336,16,83,21.822516404443878,33.0,1,105.0,105,105,0.0,105.0,1,105.0,105,105,0.0,105.0
planning,182,7.507794640198696,2,12,3.584962500721156,0,0.0,0,0.0,0,0.0,12,0,1,0.0,12,3.584962500721156,0.08333333333333333,0.27894294565112987,0.2857142857142857,0.7142857142857143,0.5,0.30304576336566325,0.863120568566631,0,0,0.0,0.0,0,-0.5845199826036436,1.8334445128670596,0.5393010854377374,0.6936154135587642,-0.6417741197385622,0.4447668973067138,-0.16362552995848817,0.32172103290463716,6,-0.058109518712528105,-0.009644155025468226,163,1.1595092024539877,1,3,0.4133713012987243,1.0,7,68.14285714285714,24,169,47.80146014335477,67.0,1,182.0,182,182,0.0,182.0,1,182.0,182,182,0.0,182.0
plant-margin,1600,10.643856189774725,100,64,6.0,0,0.0,0,0.0,0,0.0,64,0,1,0.0,64,6.0,0.015625,0.16666666666666666,0.01,0.01,0.009999999999999998,1.7434626923745965e-18,6.643856189774724,0,0,0.0,0.0,0,-0.16792618165417306,182.36841593569244,10.547111525989852,24.778671883942277,0.6879904393585087,12.449113577391625,2.222772090471189,1.7841416986000778,36,0.08514238102224436,-1.124880575656957,1600,1.0,1,1,0.0,1.0,121,38.16528925619835,1,249,41.49904850197439,24.0,1,1600.0,1600,1600,0.0,1600.0,1,1600.0,1600,1600,0.0,1600.0
plant-shape,1600,10.643856189774725,100,64,6.0,0,0.0,0,0.0,0,0.0,64,0,1,0.0,64,6.0,0.015625,0.16666666666666666,0.01,0.01,0.009999999999999998,1.7434626923745965e-18,6.643856189774724,0,0,0.0,0.0,0,-0.11726955479449108,8.412206618245829,3.8031949863927688,2.4613721478357333,0.290146794475675,2.3068913947836758,1.3908571460723025,0.7075302880431548,3,1.335964101953298,3.1728231761051653,462,6.694805194805195,1,82,10.915056475460116,2.0,23,136.47826086956522,1,1119,278.4386388674653,15.0,2,1080.5,562,1599,518.5,1080.5,1,1600.0,1600,1600,0.0,1600.0
plant-texture,1599,10.642954223480332,100,64,6.0,0,0.0,0,0.0,0,0.0,64,0,1,0.0,64,6.0,0.015625,0.16666666666666666,0.009380863039399626,0.010006253908692933,0.01,6.253908692933075e-05,6.643827670050608,0,0,0.0,0.0,0,0.9751119180964269,119.52665557451189,15.691938580689893,18.006705705718172,0.9591725581697906,8.90015688537087,3.143015853319291,1.455362076490735,39,0.07090235113742906,-1.1678220372891503,1564,1.024936061381074,1,5,0.2116001235352651,1.0,94,61.03191489361702,1,580,77.61339708434029,35.0,1,1599.0,1599,1599,0.0,1599.0,1,1599.0,1599,1599,0.0,1599.0
plasma_retinol,315,8.29920801838728,2,17,4.087462841250339,0,0.0,0,0.0,0,0.0,17,0,1,0.0,17,4.087462841250339,0.058823529411764705,0.24465054211822604,0.4222222222222222,0.5777777777777777,0.5,0.10999438818457402,0.9824740868386409,0,0,0.0,0.0,0,-2.012779552715655,221.33167341524324,17.32889465031652,53.479040571161796,0.0063796579407780826,13.823045949209307,2.2169654019189373,3.2014466058744673,7,-0.43466541327345193,0.35561445453476503,244,1.4098360655737705,1,5,0.8707835021127429,1.0,26,17.96153846153846,1,62,16.789375691033737,12.0,1,315.0,315,315,0.0,315.0,1,315.0,315,315,0.0,315.0
pm10,500,8.965784284662087,2,7,2.807354922057604,0,0.0,0,0.0,0,0.0,7,0,1,0.0,7,2.807354922057604,0.14285714285714285,0.3562071871080222,0.492,0.508,0.5,0.01131370849898477,0.9998153271549207,0,0,0.0,0.0,0,-1.1673149165628478,4.622818194317777,0.4989987534076413,1.9499324411625494,-0.9135611982006563,0.8238986439770569,-0.045623069151748685,0.562360613060811,6,-0.7216168398786171,-0.9176406139667574,189,4.164021164021164,1,19,3.553011498510354,3.0,4,294.75,101,428,127.04994096810907,325.0,1,500.0,500,500,0.0,500.0,1,500.0,500,500,0.0,500.0
post-operative,90,6.491853096329675,3,8,3.0,0,0.0,0,0.0,0,0.0,8,0,1,0.0,8,3.0,0.125,0.3333333333333333,0.022222222222222223,0.7111111111111111,0.3333333333333333,0.3492496365667047,0.9803075405818108,0,0,0.0,0.0,0,-2.0459770114942533,9.571224292790115,0.9311556669854124,3.9472684374193516,-1.0060992574146965,2.1391693458831784,0.02042293990721057,0.9684512464200766,7,-0.023829363600758387,-1.157271437349398,74,1.2162162162162162,1,4,0.5758723176395275,1.0,18,10.277777777777779,4,19,4.292183535937489,9.5,1,90.0,90,90,0.0,90.0,1,90.0,90,90,0.0,90.0
prnn_synth,250,7.965784284662087,2,2,1.0,0,0.0,0,0.0,0,0.0,2,0,1,0.0,2,1.0,0.5,1.0,0.5,0.5,0.5,0.0,1.0,0,0,0.0,0.0,0,-1.1899337082408448,-0.5678997747819641,-0.8789167415114044,0.43984441247691625,-0.2091765266320214,-0.08812517410311861,-0.14865085036757,0.0855962322449905,2,-0.4188368184785742,-0.6260892740737614,9,49.333333333333336,12,108,27.39018477889885,39.0,1,250.0,250,250,0.0,250.0,1,250.0,250,250,0.0,250.0,1,250.0,250,250,0.0,250.0
rabe_131,50,5.643856189774724,2,5,2.321928094887362,0,0.0,0,0.0,0,0.0,5,0,1,0.0,5,2.321928094887362,0.2,0.43067655807339306,0.42,0.58,0.5,0.11313708498984758,0.9814538950336537,0,0,0.0,0.0,0,-1.1999999999999997,5.310260027896575,0.8057888033772194,2.7701168335893014,-0.2692267526105171,1.656215124696384,0.48401143354112425,0.806320152397394,4,0.18066744818878905,-0.7196593186569178,29,1.9655172413793103,1,5,1.0661810230165727,2.0,4,27.5,2,39,15.041608956491324,34.5,1,50.0,50,50,0.0,50.0,1,50.0,50,50,0.0,50.0
rmftsa_sleepdata,1024,10.0,2,2,1.0,0,0.0,0,0.0,0,0.0,2,0,1,0.0,2,1.0,0.5,1.0,0.4970703125,0.5029296875,0.5,0.0041432037960149265,0.9999752343565644,0,0,0.0,0.0,0,-1.6649653618142146,-0.12356246277017746,-0.894263912292196,1.089936442454642,0.05524096187083484,0.7259420894286444,0.3905915256497396,0.47425731544559074,2,0.057718222527294596,-1.6556120963364889,14,115.85714285714286,5,358,92.12325372863803,88.0,2,684.0,625,743,59.0,684.0,1,1024.0,1024,1024,0.0,1024.0,1,1024.0,1024,1024,0.0,1024.0
schizo,340,8.409390936137703,2,16,4.0,0,0.0,0,0.0,0,0.0,16,0,1,0.0,16,4.0,0.0625,0.25,0.47941176470588237,0.5205882352941177,0.5,0.029116161578269618,0.9987766081837128,0,0,0.0,0.0,0,-1.881387033418533,4.572261194436914,0.8739924323235757,1.6348104054730999,-0.6442356946713638,1.652563345810654,0.10651253702720351,0.5907669659760044,9,0.41982624203441404,1.02521678062508,275,1.3781818181818182,1,10,0.9393790810164124,1.0,18,39.27777777777778,5,101,26.549336789280016,27.0,1,340.0,340,340,0.0,340.0,1,340.0,340,340,0.0,340.0
schlvote,38,5.247927513443585,2,5,2.321928094887362,0,0.0,0,0.0,0,0.0,5,0,1,0.0,5,2.321928094887362,0.2,0.43067655807339306,0.2631578947368421,0.7368421052631579,0.5,0.33494531740415406,0.8314743880097293,0,0,0.0,0.0,0,0.19527777777777944,13.518216410295107,4.468521566587529,5.5156421963578985,-1.4791329764899162,3.201094459809965,1.2624593756180822,1.706717942206576,4,-1.5145824916147486,0.7303770690223468,17,2.588235294117647,1,14,3.144721506970273,1.0,4,14.75,1,29,11.233320969330485,14.5,1,38.0,38,38,0.0,38.0,1,38.0,38,38,0.0,38.0
seeds,210,7.714245517666122,3,7,2.807354922057604,0,0.0,0,0.0,0,0.0,7,0,1,0.0,7,2.807354922057604,0.14285714285714285,0.3562071871080222,0.3333333333333333,0.3333333333333333,0.3333333333333333,0.0,1.584962500721156,0,0,0.0,0.0,0,-1.1067025440372875,-0.06660547877373046,-0.7317176098519733,0.4482896287734781,-0.5379540104196614,0.5618973328196364,0.26741886147196653,0.38065904065615475,3,0.37275998315422665,-1.1421641264018192,51,7.549019607843137,1,23,5.270389818860915,7.0,3,127.0,73,195,50.78057371344544,113.0,1,210.0,210,210,0.0,210.0,1,210.0,210,210,0.0,210.0
semeion,1593,10.63753055152531,10,256,8.0,0,0.0,0,0.0,0,0.0,256,0,1,0.0,256,8.0,0.00390625,0.125,0.0973006905210295,0.1016949152542373,0.1,0.0012915923299444219,3.32181948968678,0,0,0.0,0.0,0,-2.0009955944217306,19.61550943202316,-0.9633611989432298,1.7704487411074459,-0.6138373506227648,4.64659917136922,0.8093820477591864,0.6198802752946531,161,0.4313867526056312,-0.41889781675947724,1593,1.0,1,1,0.0,1.0,1593,1.0,1,1,0.0,1.0,1480,1.1027027027027028,1,9,0.4594276618567736,1.0,1,1593.0,1593,1593,0.0,1593.0
sleuth_case2002,147,7.199672344836364,2,6,2.584962500721156,0,0.0,0,0.0,0,0.0,6,0,1,0.0,6,2.584962500721156,0.16666666666666666,0.38685280723454163,0.46938775510204084,0.5306122448979592,0.5,0.04329225190938047,0.9972943816462347,0,0,0.0,0.0,0,-1.9951486103962943,-0.1991309110145103,-1.0108411627913492,0.6954923412266925,-0.8438714906771937,1.1987141078759616,0.2336910602013985,0.8451838574601558,5,0.1870687403021949,-1.1000398071307689,57,3.280701754385965,1,17,3.149794679829884,2.0,14,10.714285714285714,2,30,7.749917708582196,9.0,1,147.0,147,147,0.0,147.0,1,147.0,147,147,0.0,147.0
socmob,1156,10.174925682500678,2,37,5.20945336562895,0,0.0,0,0.0,0,0.0,37,0,1,0.0,37,5.20945336562895,0.02702702702702703,0.19195872000656014,0.22145328719723184,0.7785467128027682,0.5,0.3939245390001182,0.7628122983351655,0,0,0.0,0.0,0,-2.0034692107545533,81.8767230327235,13.24192716101362,12.039717273472414,0.0,7.19371168448121,3.6448493955492114,1.0484891488514376,1,7.19371168448121,81.8767230327235,1156,1.0,1,1,0.0,1.0,1076,1.0994423791821561,1,3,0.30540311806480874,1.0,1,1156.0,1156,1156,0.0,1156.0,1,1156.0,1156,1156,0.0,1156.0
solar-flare,1066,10.057991722759176,3,25,4.643856189774724,0,0.0,0,0.0,0,0.0,25,0,1,0.0,25,4.643856189774724,0.04,0.21533827903669653,0.0009380863039399625,0.9953095684803002,0.3333333333333333,0.5732899632278765,0.04642259864044658,0,0,0.0,0.0,0,-1.9589047698643336,116.68562098828396,12.279749827278293,24.989975164071513,-2.274233868680088,9.559345482347426,2.4696347334451367,2.6361230149831987,5,0.49641087998236405,-1.423988415005519,272,3.9669117647058822,1,73,7.477589607965638,1.0,150,11.773333333333333,1,112,19.813849253040715,3.5,1,1066.0,1066,1066,0.0,1066.0,1,1066.0,1066,1066,0.0,1066.0
soybean,683,9.41574176829009,18,35,5.129283016944966,0,0.0,0,0.0,0,0.0,35,0,1,0.0,35,5.129283016944966,0.02857142857142857,0.1949590218937863,0.01171303074670571,0.13469985358711567,0.05555555555555555,0.044504168315867225,3.7832697149512797,0,0,0.0,0.0,0,-1.4389690350173603,327.2763219983354,16.72520729039362,55.63750302902042,-3.018942964846778,17.980243962614743,2.102773613238734,3.585446303824226,22,-0.34724566148622776,-0.6547204843569223,567,1.2469135802469136,1,12,0.845604986525679,1.0,163,7.122699386503068,1,72,10.665449640132193,2.0,1,683.0,683,683,0.0,683.0,1,683.0,683,683,0.0,683.0
spambase,4601,12.167731741103244,2,57,5.832890014164741,0,0.0,0,0.0,0,0.0,57,0,1,0.0,57,5.832890014164741,0.017543859649122806,0.17144160057391347,0.39404477287546186,0.6059552271245382,0.5,0.14984331920384353,0.9673602371807666,0,0,0.0,0.0,0,5.257394136543262,1480.6415677293169,241.17010069371239,297.2406556675648,1.5916740210184648,31.06209519429626,11.186640132548545,6.958601497510162,42,6.464407049834442,65.12519322274355,1000,16.019,1,1278,64.43678017250707,2.0,51,294.19607843137254,1,4470,636.1645803704845,125.0,1,4601.0,4601,4601,0.0,4601.0,1,4601.0,4601,4601,0.0,4601.0
spect,265,8.049848549450562,2,22,4.459431618637297,0,0.0,0,0.0,0,0.0,22,0,1,0.0,22,4.459431618637297,0.045454545454545456,0.22424382421757544,0.41509433962264153,0.5849056603773585,0.5,0.12007473642790427,0.9790981671667149,0,0,0.0,0.0,0,-1.3917526476430306,16.546303028332854,1.7712206315370442,4.933883651577899,-1.7285448060545698,3.755606707506421,0.9673441499553956,1.2191180915734654,17,-0.6717595350586044,0.2124844969975359,229,1.1572052401746724,1,15,1.0784523347027515,1.0,77,7.376623376623376,1,47,11.396102046101896,1.0,1,265.0,265,265,0.0,265.0,1,265.0,265,265,0.0,265.0
spectf,267,8.060695931687555,2,44,5.459431618637297,0,0.0,0,0.0,0,0.0,44,0,1,0.0,44,5.459431618637297,0.022727272727272728,0.18316925091363362,0.20599250936329588,0.7940074906367042,0.5,0.41578938069770777,0.7337524087989602,0,0,0.0,0.0,0,0.9743518433185581,12.45654602052138,4.216409357256783,2.678894702626112,-2.736986231629503,-1.1101172858659427,-1.71114734820815,0.41112975073381924,21,-0.8937011701285176,0.8142289215686662,213,1.6525821596244132,1,35,3.4439107859330154,1.0,57,11.298245614035087,1,125,24.934274946297684,1.0,1,267.0,267,267,0.0,267.0,1,267.0,267,267,0.0,267.0
squash-stored,52,5.700439718141092,2,26,4.700439718141092,0,0.0,0,0.0,0,0.0,26,0,1,0.0,26,4.700439718141092,0.038461538461538464,0.21274605355336318,0.4423076923076923,0.5576923076923077,0.5,0.08158924398306319,0.990374836448575,0,0,0.0,0.0,0,-1.8333979591836742,1.3230616911381294,-0.4331765565785901,0.6473816109593599,-1.1833117183955615,0.9681279603692764,0.10753095867118924,0.6138084504723367,8,-0.40709698833097524,-0.6989922488444931,52,1.0,1,1,0.0,1.0,19,3.6315789473684212,1,6,1.494217849113515,4.0,1,52.0,52,52,0.0,52.0,1,52.0,52,52,0.0,52.0
squash-unstored,52,5.700439718141092,3,25,4.643856189774724,0,0.0,0,0.0,0,0.0,25,0,1,0.0,25,4.643856189774724,0.04,0.21533827903669653,0.07692307692307693,0.46153846153846156,0.3333333333333333,0.22205779584216376,1.3143204867061788,0,0,0.0,0.0,0,-1.8333979591836742,1.0718776661754332,-0.3481233821715985,0.6276786691050528,-0.7929853554711574,0.9483813839764375,0.3128594589470606,0.45500455595254397,8,0.3010641396208496,-0.42480591910404186,52,1.0,1,1,0.0,1.0,19,4.421052631578948,2,8,1.5998614898495436,4.0,1,52.0,52,52,0.0,52.0,1,52.0,52,52,0.0,52.0
statlog-australian-credit,690,9.430452551665532,2,14,3.807354922057604,0,0.0,0,0.0,0,0.0,14,0,1,0.0,14,3.807354922057604,0.07142857142857142,0.26264953503719357,0.3217391304347826,0.6782608695652174,0.5,0.2520989393795517,0.90626268051371,0,0,0.0,0.0,0,-1.9971378336902235,214.66976402008868,21.25680168066767,57.46658009180849,-1.9447254706547483,13.140648859466799,1.747993957953817,3.735815229118099,9,0.1458483087434768,-1.610268503296523,377,2.220159151193634,1,21,2.287508919523378,1.0,35,32.542857142857144,1,143,32.82363508827387,23.0,1,690.0,690,690,0.0,690.0,1,690.0,690,690,0.0,690.0
statlog-german-credit,1000,9.965784284662087,2,24,4.584962500721156,0,0.0,0,0.0,0,0.0,24,0,1,0.0,24,4.584962500721156,0.041666666666666664,0.21810429198553155,0.3,0.7,0.5,0.282842712474619,0.8812908992306927,0,0,0.0,0.0,0,-1.8501438979806257,40.686180651202775,3.8840533797515864,9.931999013090461,-2.8069294034131658,6.527236178583125,1.0422914454029761,2.0927905750572493,18,-0.6464511343680431,-0.15627644509856253,991,1.0090817356205852,1,2,0.09486441745303167,1.0,493,2.953346855983773,1,55,4.699041155848312,1.0,1,1000.0,1000,1000,0.0,1000.0,1,1000.0,1000,1000,0.0,1000.0
statlog-heart,270,8.076815597050832,2,13,3.700439718141092,0,0.0,0,0.0,0,0.0,13,0,1,0.0,13,3.700439718141092,0.07692307692307693,0.27023815442731974,0.4444444444444444,0.5555555555555556,0.5,0.07856742013183865,0.9910760598382222,0,0,0.0,0.0,0,-2.005357690861352,4.895592619784426,0.11514527788217849,1.9230907854434884,-0.8787659822689586,1.9919705589929442,0.4269634160216522,0.8733983018679367,9,0.1635369678227122,-1.1691811369882243,244,1.1229508196721312,1,4,0.4630240735245442,1.0,56,6.875,1,27,7.053526220469953,4.0,1,270.0,270,270,0.0,270.0,1,270.0,270,270,0.0,270.0
statlog-image,2310,11.17367713630342,7,18,4.169925001442312,0,0.0,0,0.0,0,0.0,18,0,1,0.0,18,4.169925001442312,0.05555555555555555,0.23981246656813146,0.14285714285714285,0.14285714285714285,0.14285714285714282,2.997944808332385e-17,2.807354922057604,0,0,0.0,0.0,0,-1.2158710283357068,339.2199958872188,38.517130286827594,92.68079477048117,-0.8853610757146405,16.900909348743106,3.32095759986725,4.852385065855891,7,1.0034746346398908,-0.11445426195317232,320,13.165625,1,102,17.45872112611273,5.0,14,442.14285714285717,4,1202,385.79229369902015,426.0,1,2310.0,2310,2310,0.0,2310.0,1,2310.0,2310,2310,0.0,2310.0
statlog-vehicle,846,9.72451385311995,4,18,4.169925001442312,0,0.0,0,0.0,0,0.0,18,0,1,0.0,18,4.169925001442312,0.05555555555555555,0.23981246656813146,0.23522458628841608,0.2576832151300236,0.25,0.010327298992971743,1.999066765534363,0,0,0.0,0.0,0,-0.9784721042945548,58.37551877782944,5.153142084632574,15.252116493455759,-0.22634539048888155,6.778397607527895,1.0415772814245947,1.6997425237874308,6,0.4224286404234323,-0.9167120062254019,482,2.2697095435684647,1,22,2.1934161004000092,2.0,10,190.3,6,640,174.17809850839456,138.5,1,846.0,846,846,0.0,846.0,1,846.0,846,846,0.0,846.0
steel-plates,1941,10.922584402713664,7,27,4.754887502163468,0,0.0,0,0.0,0,0.0,27,0,1,0.0,27,4.754887502163468,0.037037037037037035,0.2103099178571525,0.02833590932509016,0.3467284904688305,0.14285714285714285,0.11490875828592285,2.410690442272441,0,0,0.0,0.0,0,-1.8563562772631923,1663.051232690116,109.58593704821185,346.14118806883636,-0.9285825422313159,39.29314772721086,3.741245347658892,8.644048210973644,10,0.1916176604558385,-1.4327169775443818,1266,1.9636650868878358,1,106,5.513614385968055,1.0,72,72.72222222222223,1,296,63.689616767182834,56.5,1,1941.0,1941,1941,0.0,1941.0,1,1941.0,1941,1941,0.0,1941.0
synthetic-control,600,9.228818690495881,6,60,5.906890595608519,0,0.0,0,0.0,0,0.0,60,0,1,0.0,60,5.906890595608519,0.016666666666666666,0.16929380759878143,0.16666666666666666,0.16666666666666666,0.16666666666666666,0.0,2.584962500721156,0,0,0.0,0.0,0,-1.2148845492089761,0.5983184310211911,-0.5574061941140466,0.6030133096088518,-0.6919908750882193,0.9337734208586312,0.03400470532444108,0.291163542226367,29,-0.022817038549188783,-0.9792826416584308,600,1.0,1,1,0.0,1.0,180,7.216666666666667,1,48,8.583106793126962,4.0,1,600.0,600,600,0.0,600.0,1,600.0,600,600,0.0,600.0
tae,151,7.2384047393250786,2,5,2.321928094887362,0,0.0,0,0.0,0,0.0,5,0,1,0.0,5,2.321928094887362,0.2,0.43067655807339306,0.3443708609271523,0.6556291390728477,0.5,0.22009283917726977,0.9289400324958196,0,0,0.0,0.0,0,-1.154209095385461,1.8449043860756005,0.06846993038188853,1.1548843907313975,-1.9546465216377111,0.8701667338818014,-0.43474804080762813,1.2624602636890445,5,-1.332410616470201,0.9056597403155142,41,4.7560975609756095,1,17,3.9247835907708715,3.0,5,48.2,9,102,41.66725332920326,20.0,1,151.0,151,151,0.0,151.0,1,151.0,151,151,0.0,151.0
teaching,151,7.2384047393250786,3,5,2.321928094887362,0,0.0,0,0.0,0,0.0,5,0,1,0.0,5,2.321928094887362,0.2,0.43067655807339306,0.32450331125827814,0.3443708609271523,0.3333333333333333,0.01011606113676785,1.5845209168501238,0,0,0.0,0.0,0,-1.154210634342382,1.8449043860756005,0.06847010465863161,1.154884421455447,-1.9546465216377111,0.8701680789837302,-0.43474783620893076,1.2624606126381692,5,-1.3324103246787973,0.9056591204458195,41,4.7560975609756095,1,17,3.9247835907708715,3.0,5,48.2,9,102,41.66725332920326,20.0,1,151.0,151,151,0.0,151.0,1,151.0,151,151,0.0,151.0
teachingAssistant,151,7.2384047393250786,3,5,2.321928094887362,0,0.0,0,0.0,0,0.0,5,0,1,0.0,5,2.321928094887362,0.2,0.43067655807339306,0.32450331125827814,0.3443708609271523,0.3333333333333333,0.01011606113676785,1.5845209168501238,0,0,0.0,0.0,0,-1.154209095385461,1.8449043860756005,0.06846993038188853,1.1548843907313975,-1.9546465216377111,0.8701667338818014,-0.43474804080762813,1.2624602636890445,5,-1.332410616470201,0.9056597403155142,41,4.7560975609756095,1,17,3.9247835907708715,3.0,5,48.2,9,102,41.66725332920326,20.0,1,151.0,151,151,0.0,151.0,1,151.0,151,151,0.0,151.0
tic-tac-toe,958,9.90388184573618,2,9,3.169925001442312,0,0.0,0,0.0,0,0.0,9,0,1,0.0,9,3.169925001442312,0.1111111111111111,0.31546487678572877,0.3465553235908142,0.6534446764091858,0.5,0.21700354245182146,0.9309539862507961,0,0,0.0,0.0,0,-1.735727845151808,-1.6379573927173432,-1.6751074591024302,0.03730022743438072,0.09623226674698272,0.24497674641015027,0.14539425490736255,0.052368529278024635,8,0.0,-0.8243373160561904,958,1.0,1,1,0.0,1.0,125,15.376,1,41,8.40824737980514,15.0,1,958.0,958,958,0.0,958.0,1,958.0,958,958,0.0,958.0
titanic,2201,11.103943429891558,2,3,1.584962500721156,0,0.0,0,0.0,0,0.0,3,0,1,0.0,3,1.584962500721156,0.3333333333333333,0.6309297535714575,0.3230349840981372,0.6769650159018628,0.5,0.25026632555398476,0.9076514058796559,0,0,0.0,0.0,0,-0.7616663781431021,15.282182975315912,4.8258807111444275,9.062552523094212,-1.3989872484852195,4.155514073387311,0.6851741704663431,3.0255973502327946,3,-1.0953026847348493,-0.212063392455069,14,157.21428571428572,1,862,228.3525402816032,70.5,4,715.25,194,1816,655.0615906157221,425.5,1,2201.0,2201,2201,0.0,2201.0,1,2201.0,2201,2201,0.0,2201.0
transplant,131,7.03342300153745,2,2,1.0,0,0.0,0,0.0,0,0.0,2,0,1,0.0,2,1.0,0.5,1.0,0.366412213740458,0.6335877862595419,0.5,0.18892165909564243,0.9478774073663796,0,0,0.0,0.0,0,4.484836238575514,11.562028873594942,8.023432556085227,5.004330903985728,1.913274933958788,2.751022781479548,2.332148857719168,0.5923771839063633,2,2.3078558870523005,7.607112257743024,8,36.125,2,97,35.44163335683049,20.0,2,74.0,19,129,55.0,74.0,1,131.0,131,131,0.0,131.0,1,131.0,131,131,0.0,131.0
triazines,186,7.539158811108031,2,60,5.906890595608519,0,0.0,0,0.0,0,0.0,60,0,1,0.0,60,5.906890595608519,0.016666666666666666,0.16929380759878143,0.41397849462365593,0.5860215053763441,0.5,0.12165277955897592,0.9785423861930187,0,0,0.0,0.0,0,-1.5719724523164709,186.0000000000001,18.069175138495194,35.49545366895058,-0.13951890007214268,13.638181696985859,3.164281445253555,2.9967101467791397,18,0.09659666409949744,-1.405223407969497,153,1.2483660130718954,1,4,0.5861254829136041,1.0,50,5.4,1,23,5.7306195127577615,4.0,1,186.0,186,186,0.0,186.0,1,186.0,186,186,0.0,186.0
vertebral-column-2clases,310,8.276124405274238,2,6,2.584962500721156,0,0.0,0,0.0,0,0.0,6,0,1,0.0,6,2.584962500721156,0.16666666666666666,0.38685280723454163,0.3225806451612903,0.6774193548387096,0.5,0.2509088578403878,0.907165767573082,0,0,0.0,0.0,0,0.16166725590233044,38.06777446812944,7.178641928946052,15.168477360222507,-0.17693038805823563,4.31787431134837,1.121659572670051,1.6026706127454262,4,0.3817816564952365,-0.682910761747145,39,18.94871794871795,1,82,23.42576788326152,13.0,2,155.0,1,309,154.0,155.0,1,310.0,310,310,0.0,310.0,1,310.0,310,310,0.0,310.0
vertebral-column-3clases,310,8.276124405274238,3,6,2.584962500721156,0,0.0,0,0.0,0,0.0,6,0,1,0.0,6,2.584962500721156,0.16666666666666666,0.38685280723454163,0.1935483870967742,0.4838709677419355,0.3333333333333333,0.14545966944589983,1.4918603462795095,0,0,0.0,0.0,0,0.16166725590233044,38.06777446812944,7.178641928946052,15.168477360222507,-0.17693038805823563,4.31787431134837,1.121659572670051,1.6026706127454262,4,0.3817816564952365,-0.682910761747145,39,18.94871794871795,1,82,23.42576788326152,13.0,2,155.0,1,309,154.0,155.0,1,310.0,310,310,0.0,310.0,1,310.0,310,310,0.0,310.0
veteran,137,7.098032082960526,2,7,2.807354922057604,0,0.0,0,0.0,0,0.0,7,0,1,0.0,7,2.807354922057604,0.14285714285714285,0.3562071871080222,0.31386861313868614,0.6861313868613139,0.5,0.2632295316825834,0.8975887507715622,0,0,0.0,0.0,0,-2.02962962962963,24.30985141495276,4.213429574036708,9.909976657526073,-3.545003686245986,4.151115739722369,0.12110793929400258,2.279246591927321,6,0.014410096836239917,-1.9462896544064943,77,2.0259740259740258,1,10,1.7799316050921363,1.0,15,16.533333333333335,1,39,14.568764151048944,11.0,1,137.0,137,137,0.0,137.0,1,137.0,137,137,0.0,137.0
visualizing_livestock,130,7.022367813028454,2,5,2.321928094887362,0,0.0,0,0.0,0,0.0,5,0,1,0.0,5,2.321928094887362,0.2,0.43067655807339306,0.19230769230769232,0.8076923076923077,0.5,0.43514263457633695,0.7062740891876007,0,0,0.0,0.0,0,0.30750184547244164,0.3075018454724421,0.30750184547244175,2.0014830212433605e-16,1.5175668134230942,1.5175668134230946,1.5175668134230944,2.482534153247273e-16,0,0.0,0.0,5,26.0,26,26,0.0,26.0,5,26.0,26,26,0.0,26.0,1,130.0,130,130,0.0,130.0,1,130.0,130,130,0.0,130.0
vote,435,8.76487159073609,2,48,5.584962500721156,0,0.0,0,0.0,0,0.0,48,0,1,0.0,48,5.584962500721156,0.020833333333333332,0.17905223175104137,0.38620689655172413,0.6137931034482759,0.5,0.16092775020107633,0.9623080486960709,0,0,0.0,0.0,0,-2.009066795387103,57.83561492305371,6.271402061055507,14.16060045732777,-0.5194572841609829,7.718142420336652,1.648811896887618,2.3751926931934557,0,0.0,0.0,342,1.2719298245614035,1,8,0.948545402730054,1.0,342,1.2719298245614035,1,8,0.948545402730054,1.0,3,216.33333333333334,34,308,128.92978278461842,307.0,1,435.0,435,435,0.0,435.0
wall-following,5456,12.413627929024173,4,24,4.584962500721156,0,0.0,0,0.0,0,0.0,24,0,1,0.0,24,4.584962500721156,0.041666666666666664,0.21810429198553155,0.060117302052785926,0.4041422287390029,0.25,0.17086824003104314,1.7146327422659768,0,0,0.0,0.0,0,-1.6045954777680087,14.349582040829333,2.368822584775682,4.660114740070898,0.017564205990154822,3.8301402061568193,1.5222576287932992,1.0860666375311714,20,-0.050330304193285345,-0.9593255972618446,2909,2.15022344448264,1,74,3.0523873493285048,1.0,592,23.14864864864865,1,366,33.46329470880661,12.0,1,5456.0,5456,5456,0.0,5456.0,1,5456.0,5456,5456,0.0,5456.0
waveform,5000,12.287712379549449,3,21,4.392317422778761,0,0.0,0,0.0,0,0.0,21,0,1,0.0,21,4.392317422778761,0.047619047619047616,0.227670248696953,0.3294,0.3392,0.3333333333333333,0.005178159261101699,1.584846735330562,0,0,0.0,0.0,0,-0.6715952122165425,0.11161934339405333,-0.35125157148911934,0.24667659671170028,-0.24364516585438478,0.299851073858751,0.07515410956280957,0.15756733818673757,18,-0.041721012381352666,-1.0718649161289433,4999,1.0002000400080016,1,2,0.014142135340775065,1.0,8,2206.375,1748,3064,436.2009105618648,2052.0,1,5000.0,5000,5000,0.0,5000.0,1,5000.0,5000,5000,0.0,5000.0
waveform-noise,5000,12.287712379549449,3,40,5.321928094887363,0,0.0,0,0.0,0,0.0,40,0,1,0.0,40,5.321928094887363,0.025,0.18790182470910757,0.3306,0.3384,0.3333333333333333,0.004392417709341084,1.5848792049207134,0,0,0.0,0.0,0,-0.6790516422341795,0.1506072880171394,-0.19641740995063192,0.2632280859114593,-0.2720308217718317,0.2720371607289458,0.03546818846307299,0.11955857175734992,35,-0.010348264390146102,-1.0826179556101108,5000,1.0,1,1,0.0,1.0,559,65.56887298747763,1,559,72.22610465683297,42.0,1,5000.0,5000,5000,0.0,5000.0,1,5000.0,5000,5000,0.0,5000.0
white-clover,63,5.977279923499917,2,39,5.285402218862249,0,0.0,0,0.0,0,0.0,39,0,1,0.0,39,5.285402218862249,0.02564102564102564,0.18920035951687003,0.3968253968253968,0.6031746031746031,0.5,0.145910923101986,0.9690632527820694,0,0,0.0,0.0,0,-1.7205407812183762,42.423398477302655,3.8173216462463357,9.362756948034484,-0.6619279906532144,6.088530753912818,1.3136555362707267,1.4628808281045078,19,0.398485635678105,-1.2352292208888151,63,1.0,1,1,0.0,1.0,52,1.2115384615384615,1,2,0.4083992419537557,1.0,1,63.0,63,63,0.0,63.0,1,63.0,63,63,0.0,63.0
wine,178,7.475733430966398,3,13,3.700439718141092,0,0.0,0,0.0,0,0.0,13,0,1,0.0,13,3.700439718141092,0.07692307692307693,0.27023815442731974,0.2696629213483146,0.398876404494382,0.3333333333333333,0.06462709335856702,1.5668222768551812,0,0,0.0,0.0,0,-1.0864343843500213,2.1049987073981042,0.006743135080970302,0.9348111869536574,-0.30728599577816373,1.0981931029175789,0.3501692842431068,0.4733921421445728,10,-0.16685951139495622,-1.2828652684251804,174,1.0229885057471264,1,2,0.1498667219586816,1.0,8,54.5,7,135,40.5370201174186,49.0,1,178.0,178,178,0.0,178.0,1,178.0,178,178,0.0,178.0
wine-quality-red,1599,10.642954223480332,6,11,3.4594316186372973,0,0.0,0,0.0,0,0.0,11,0,1,0.0,11,3.4594316186372973,0.09090909090909091,0.2890648263178879,0.006253908692933083,0.425891181988743,0.16666666666666666,0.19527933791409863,1.7090616375059242,0,0,0.0,0.0,0,-0.7889986113267273,41.71587411059654,8.30880602793789,14.002593899367923,0.07128784698542717,5.680351111860312,1.683114570993491,1.8380241517839935,8,0.4229892257834224,-0.25683539319507176,300,12.82,1,160,19.835513605651858,5.0,6,781.5,66,1550,531.752370312849,834.0,1,1599.0,1599,1599,0.0,1599.0,1,1599.0,1599,1599,0.0,1599.0
wine-quality-white,4898,12.257977058563979,7,11,3.4594316186372973,0,0.0,0,0.0,0,0.0,11,0,1,0.0,11,3.4594316186372973,0.09090909090909091,0.2890648263178879,0.0010208248264597796,0.44875459371171905,0.14285714285714285,0.17401737915645615,1.8617149332355558,0,0,0.0,0.0,0,-0.6984246608068108,37.56468634187705,7.0662371654653615,10.833719295836405,0.39070990183897975,5.023335248969802,1.3004211642616055,1.2973573613505454,8,0.2894873721175269,-0.794448881478186,311,62.559485530546624,1,782,102.14756127767552,19.0,5,2401.2,1,4870,2084.5351903961705,2594.0,1,4898.0,4898,4898,0.0,4898.0,1,4898.0,4898,4898,0.0,4898.0
yeast,1484,10.535275376620802,10,8,3.0,0,0.0,0,0.0,0,0.0,8,0,1,0.0,8,3.0,0.125,0.3333333333333333,0.0033692722371967657,0.3119946091644205,0.1,0.11701212941368597,2.4904176362327277,0,0,0.0,0.0,0,0.4590603916095173,105.7386020101246,28.66086322269957,46.354220874648654,-1.7916393002918876,10.276878929747536,2.9128266989159073,4.670019472501966,8,0.6812532532274704,0.6835130416801349,106,42.27358490566038,1,439,71.50742579447414,10.5,4,652.25,14,1456,648.4621712174119,569.5,1,1484.0,1484,1484,0.0,1484.0,1,1484.0,1484,1484,0.0,1484.0
zoo,101,6.658211482751795,7,16,4.0,0,0.0,0,0.0,0,0.0,16,0,1,0.0,16,4.0,0.0625,0.25,0.039603960396039604,0.40594059405940597,0.14285714285714285,0.12767506756884595,2.390559682294039,0,0,0.0,0.0,0,-1.9903358168664296,8.168668249313406,-0.06295921896203677,2.6488646997990264,-1.7071180337712306,3.1634279702946655,0.4008840389753521,1.342967667202209,10,0.30539037780724126,-1.6869667887348467,55,1.8363636363636364,1,10,1.6488413161824922,1.0,35,4.428571428571429,1,19,4.505778602675295,2.0,1,101.0,101,101,0.0,101.0,1,101.0,101,101,0.0,101.0
